sector_name,crag_name,link
"Beskidy,""Kobyla Ska³a"",""http://topo.portalgorski.pl/Kobyla-Ska³a,Beskidy,skala,845"""
"Beskidy,""Mutne"",""http://topo.portalgorski.pl/Mutne,Beskidy,skala,850"""
"Beskidy,""Ro¿nów"",""http://topo.portalgorski.pl/Ro¿nów,Beskidy,skala,730"""
"Beskidy,""Ska³y nad Kamienic¹"",""http://topo.portalgorski.pl/Ska³y-nad-Kamienic¹,Beskidy,skala,738"""
"Beskidy,""Stryszów"",""http://topo.portalgorski.pl/Stryszów,Beskidy,skala,790"""
"Beskidy,""Szczyrzyc"",""http://topo.portalgorski.pl/Szczyrzyc,Beskidy,skala,955"""
"Beskidy,""Tropie"",""http://topo.portalgorski.pl/Tropie,Beskidy,skala,739"""
"Beskidy,""Œcie¿ków Groñ"",""http://topo.portalgorski.pl/Œcie¿ków-Groñ,Beskidy,skala,844"""
"Œwiêtokrzyskie,""Ciosowa"",""http://topo.portalgorski.pl/Ciosowa,Œwiêtokrzyskie,skala,544"""
"Œwiêtokrzyskie,""Stokówka"",""http://topo.portalgorski.pl/Stokówka,Œwiêtokrzyskie,skala,542"""
"Œwiêtokrzyskie,""Tumlin"",""http://topo.portalgorski.pl/Tumlin,Œwiêtokrzyskie,skala,546"""
"Œwiêtokrzyskie,""Wykieñ"",""http://topo.portalgorski.pl/Wykieñ,Œwiêtokrzyskie,skala,545"""
"Œwiêtokrzyskie,""Zelejowa"",""http://topo.portalgorski.pl/Zelejowa,Œwiêtokrzyskie,skala,543"""
"Tatry i Podhale,""Dolina Lejowa"",""http://topo.portalgorski.pl/Dolina-Lejowa,Tatry-i-Podhale,skala,940"""
"El Chorro,""Frontales"",""http://topo.portalgorski.pl/Frontales,El-Chorro,Andaluzja,skala,748"""
"Brama Krakowska,""Balaton"",""http://topo.portalgorski.pl/Balaton,Brama-Krakowska,Jura-Krakowsko-Czêstochowska,skala,728"""
"Dolina Aleksandrowicka,""G³owa S³onia"",""http://topo.portalgorski.pl/G³owa-S³onia,Dolina-Aleksandrowicka,Jura-Krakowsko-Czêstochowska,skala,204"""
"Dolina Aleksandrowicka,""Krzywos¹d"",""http://topo.portalgorski.pl/Krzywos¹d,Dolina-Aleksandrowicka,Jura-Krakowsko-Czêstochowska,skala,188"""
"Dolina Bolechowicka,""Filar Abazego"",""http://topo.portalgorski.pl/Filar-Abazego,Dolina-Bolechowicka,Jura-Krakowsko-Czêstochowska,skala,98"""
"Dolina Bolechowicka,""Mur Pokutników"",""http://topo.portalgorski.pl/Mur-Pokutników,Dolina-Bolechowicka,Jura-Krakowsko-Czêstochowska,skala,95"""
"Dolina Bolechowicka,""Ostra Turniczka"",""http://topo.portalgorski.pl/Ostra-Turniczka,Dolina-Bolechowicka,Jura-Krakowsko-Czêstochowska,skala,94"""
"Dolina Bolechowicka,""Poprzeczna Grzêda"",""http://topo.portalgorski.pl/Poprzeczna-Grzêda,Dolina-Bolechowicka,Jura-Krakowsko-Czêstochowska,skala,97"""
"Dolina Bolechowicka,""Zamar³a Turnia"",""http://topo.portalgorski.pl/Zamar³a-Turnia,Dolina-Bolechowicka,Jura-Krakowsko-Czêstochowska,skala,96"""
"Dolina Brod³ówki,""Gaudynowska Baszta"",""http://topo.portalgorski.pl/Gaudynowska-Baszta,Dolina-Brod³ówki,Jura-Krakowsko-Czêstochowska,skala,337"""
"Dolina Brod³ówki,""Zak¹tek"",""http://topo.portalgorski.pl/Zak¹tek,Dolina-Brod³ówki,Jura-Krakowsko-Czêstochowska,skala,338"""
"Dolina Bêdkowska,""Psiklatka"",""http://topo.portalgorski.pl/Psiklatka,Dolina-Bêdkowska,Jura-Krakowsko-Czêstochowska,skala,349"""
"Dolina Bêdkowska,""Sokolica"",""http://topo.portalgorski.pl/Sokolica,Dolina-Bêdkowska,Jura-Krakowsko-Czêstochowska,skala,260"""
"Dolina Bêdkowska,""Turnia Skwira"",""http://topo.portalgorski.pl/Turnia-Skwira,Dolina-Bêdkowska,Jura-Krakowsko-Czêstochowska,skala,921"""
"Dolina Kluczwody,""Ciosowa Turnia i Basior"",""http://topo.portalgorski.pl/Ciosowa-Turnia-i-Basior,Dolina-Kluczwody,Jura-Krakowsko-Czêstochowska,skala,381"""
"Dolina Kluczwody,""Dzikie Turnie"",""http://topo.portalgorski.pl/Dzikie-Turnie,Dolina-Kluczwody,Jura-Krakowsko-Czêstochowska,skala,374"""
"Dolina Kluczwody,""Dziurawiec"",""http://topo.portalgorski.pl/Dziurawiec,Dolina-Kluczwody,Jura-Krakowsko-Czêstochowska,skala,551"""
"Dolina Kluczwody,""Jaskinia Mamutowa"",""http://topo.portalgorski.pl/Jaskinia-Mamutowa,Dolina-Kluczwody,Jura-Krakowsko-Czêstochowska,skala,382"""
"Dolina Kluczwody,""Polnik"",""http://topo.portalgorski.pl/Polnik,Dolina-Kluczwody,Jura-Krakowsko-Czêstochowska,skala,372"""
"Dolina Kluczwody,""Poprzeczna Turnia i Zaroœlak"",""http://topo.portalgorski.pl/Poprzeczna-Turnia-i-Zaroœlak,Dolina-Kluczwody,Jura-Krakowsko-Czêstochowska,skala,373"""
"Dolina Kluczwody,""Rogatka"",""http://topo.portalgorski.pl/Rogatka,Dolina-Kluczwody,Jura-Krakowsko-Czêstochowska,skala,860"""
"Dolina Kluczwody,""Wierzchowska Grañ i Leœna Ska³a"",""http://topo.portalgorski.pl/Wierzchowska-Grañ-i-Leœna-Ska³a,Dolina-Kluczwody,Jura-Krakowsko-Czêstochowska,skala,721"""
"Dolina Kluczwody,""¯ytnie Ska³y"",""http://topo.portalgorski.pl/¯ytnie-Ska³y,Dolina-Kluczwody,Jura-Krakowsko-Czêstochowska,skala,371"""
"Dolina Kobylañska,""Gzylowe Ska³y"",""http://topo.portalgorski.pl/Gzylowe-Ska³y,Dolina-Kobylañska,Jura-Krakowsko-Czêstochowska,skala,552"""
"Dolina Kobylañska,""Karniowicka Ska³a"",""http://topo.portalgorski.pl/Karniowicka-Ska³a,Dolina-Kobylañska,Jura-Krakowsko-Czêstochowska,skala,949"""
"Dolina Pr¹dnika, Garliczki i Wedonki,""Garliczka"",""http://topo.portalgorski.pl/Garliczka,Dolina-Pr¹dnika-Garliczki-i-Wedonki,Jura-Krakowsko-Czêstochowska,skala,549"""
"Dolina Pr¹dnika, Garliczki i Wedonki,""Januszowice"",""http://topo.portalgorski.pl/Januszowice,Dolina-Pr¹dnika-Garliczki-i-Wedonki,Jura-Krakowsko-Czêstochowska,skala,879"""
"Dolina Pr¹dnika, Garliczki i Wedonki,""Pochylce"",""http://topo.portalgorski.pl/Pochylce,Dolina-Pr¹dnika-Garliczki-i-Wedonki,Jura-Krakowsko-Czêstochowska,skala,618"""
"Dolina Pr¹dnika, Garliczki i Wedonki,""Poganowe Ska³y"",""http://topo.portalgorski.pl/Poganowe-Ska³y,Dolina-Pr¹dnika-Garliczki-i-Wedonki,Jura-Krakowsko-Czêstochowska,skala,620"""
"Dolina Pr¹dnika, Garliczki i Wedonki,""Ska³a Nad Potokiem"",""http://topo.portalgorski.pl/Ska³a-Nad-Potokiem,Dolina-Pr¹dnika-Garliczki-i-Wedonki,Jura-Krakowsko-Czêstochowska,skala,619"""
"Dolina Pr¹dnika, Garliczki i Wedonki,""Ska³a Zachwytu"",""http://topo.portalgorski.pl/Ska³a-Zachwytu,Dolina-Pr¹dnika-Garliczki-i-Wedonki,Jura-Krakowsko-Czêstochowska,skala,621"""
"Dolina Pr¹dnika, Garliczki i Wedonki,""So³tysowa"",""http://topo.portalgorski.pl/So³tysowa,Dolina-Pr¹dnika-Garliczki-i-Wedonki,Jura-Krakowsko-Czêstochowska,skala,927"""
"Dolina Pr¹dnika, Garliczki i Wedonki,""Wielka Ska³a"",""http://topo.portalgorski.pl/Wielka-Ska³a,Dolina-Pr¹dnika-Garliczki-i-Wedonki,Jura-Krakowsko-Czêstochowska,skala,550"""
"Dolina Rac³awki,""PowroŸnikowa"",""http://topo.portalgorski.pl/PowroŸnikowa,Dolina-Rac³awki,Jura-Krakowsko-Czêstochowska,skala,708"""
"Dolina Rac³awki,""Racuch"",""http://topo.portalgorski.pl/Racuch,Dolina-Rac³awki,Jura-Krakowsko-Czêstochowska,skala,617"""
"Dolina Rac³awki,""Skotnicowa Ska³a"",""http://topo.portalgorski.pl/Skotnicowa-Ska³a,Dolina-Rac³awki,Jura-Krakowsko-Czêstochowska,skala,744"""
"Dolina Szklarki,""Brod³o"",""http://topo.portalgorski.pl/Brod³o,Dolina-Szklarki,Jura-Krakowsko-Czêstochowska,skala,652"""
"Dolina Szklarki,""Chocho³owe Ska³y"",""http://topo.portalgorski.pl/Chocho³owe-Ska³y,Dolina-Szklarki,Jura-Krakowsko-Czêstochowska,skala,662"""
"Dolina Szklarki,""Grupa Parasola"",""http://topo.portalgorski.pl/Grupa-Parasola,Dolina-Szklarki,Jura-Krakowsko-Czêstochowska,skala,872"""
"Dolina Szklarki,""Krêta (Koz³owe Ska³y)"",""http://topo.portalgorski.pl/Krêta-(Koz³owe-Ska³y),Dolina-Szklarki,Jura-Krakowsko-Czêstochowska,skala,729"""
"Dolina Szklarki,""Leœna"",""http://topo.portalgorski.pl/Leœna,Dolina-Szklarki,Jura-Krakowsko-Czêstochowska,skala,647"""
"Dolina Szklarki,""Pozornica"",""http://topo.portalgorski.pl/Pozornica,Dolina-Szklarki,Jura-Krakowsko-Czêstochowska,skala,928"""
"Dolina Szklarki,""Witkowe Ska³y"",""http://topo.portalgorski.pl/Witkowe-Ska³y,Dolina-Szklarki,Jura-Krakowsko-Czêstochowska,skala,660"""
"Dolina Wiercicy,""Baba"",""http://topo.portalgorski.pl/Baba,Dolina-Wiercicy,Jura-Krakowsko-Czêstochowska,skala,630"""
"Dolina Wiercicy,""Diabelskie Mosty"",""http://topo.portalgorski.pl/Diabelskie-Mosty,Dolina-Wiercicy,Jura-Krakowsko-Czêstochowska,skala,534"""
"Dolina Wiercicy,""Duch"",""http://topo.portalgorski.pl/Duch,Dolina-Wiercicy,Jura-Krakowsko-Czêstochowska,skala,669"""
"Dolina Wiercicy,""Kie³ i Dziurawa"",""http://topo.portalgorski.pl/Kie³-i-Dziurawa,Dolina-Wiercicy,Jura-Krakowsko-Czêstochowska,skala,881"""
"Dolina Wiercicy,""Kopciówki"",""http://topo.portalgorski.pl/Kopciówki,Dolina-Wiercicy,Jura-Krakowsko-Czêstochowska,skala,667"""
"Dolina Wiercicy,""Laboratorium"",""http://topo.portalgorski.pl/Laboratorium,Dolina-Wiercicy,Jura-Krakowsko-Czêstochowska,skala,673"""
"Dolina Wiercicy,""Osiedle Wa³y"",""http://topo.portalgorski.pl/Osiedle-Wa³y,Dolina-Wiercicy,Jura-Krakowsko-Czêstochowska,skala,644"""
"Dolina Wiercicy,""Ostrê¿nik"",""http://topo.portalgorski.pl/Ostrê¿nik,Dolina-Wiercicy,Jura-Krakowsko-Czêstochowska,skala,639"""
"Dolina Wiercicy,""Ska³y Pustelnika"",""http://topo.portalgorski.pl/Ska³y-Pustelnika,Dolina-Wiercicy,Jura-Krakowsko-Czêstochowska,skala,668"""
"Dolina Wiercicy,""Wampirek i Verdon"",""http://topo.portalgorski.pl/Wampirek-i-Verdon,Dolina-Wiercicy,Jura-Krakowsko-Czêstochowska,skala,876"""
"Dolina Wrzosy,""KuŸnia"",""http://topo.portalgorski.pl/KuŸnia,Dolina-Wrzosy,Jura-Krakowsko-Czêstochowska,skala,329"""
"Dolina Wrzosy,""Masyw Güllich"",""http://topo.portalgorski.pl/Masyw-Güllich,Dolina-Wrzosy,Jura-Krakowsko-Czêstochowska,skala,331"""
"Dolina Wrzosy,""O³tarz"",""http://topo.portalgorski.pl/O³tarz,Dolina-Wrzosy,Jura-Krakowsko-Czêstochowska,skala,330"""
"Dolina Wrzosy,""Turnia Wrzosy - PiS"",""http://topo.portalgorski.pl/Turnia-Wrzosy-PiS,Dolina-Wrzosy,Jura-Krakowsko-Czêstochowska,skala,332"""
"Dolina Wrzosy,""Zyg-Zak"",""http://topo.portalgorski.pl/Zyg-Zak,Dolina-Wrzosy,Jura-Krakowsko-Czêstochowska,skala,328"""
"Karlin,""Bia³y Kamieñ"",""http://topo.portalgorski.pl/Bia³y-Kamieñ,Karlin,Jura-Krakowsko-Czêstochowska,skala,659"""
"Karlin,""Karlin"",""http://topo.portalgorski.pl/Karlin,Karlin,Jura-Krakowsko-Czêstochowska,skala,655"""
"Karlin,""Rzêdowa Ska³a"",""http://topo.portalgorski.pl/Rzêdowa-Ska³a,Karlin,Jura-Krakowsko-Czêstochowska,skala,789"""
"Karlin,""Ska³a Kopaniny"",""http://topo.portalgorski.pl/Ska³a-Kopaniny,Karlin,Jura-Krakowsko-Czêstochowska,skala,874"""
"Las Zabierzowski,""Plaskula"",""http://topo.portalgorski.pl/Plaskula,Las-Zabierzowski,Jura-Krakowsko-Czêstochowska,skala,880"""
"Las Zabierzowski,""Rowerowe"",""http://topo.portalgorski.pl/Rowerowe,Las-Zabierzowski,Jura-Krakowsko-Czêstochowska,skala,736"""
"Las Zabierzowski,""£ysa Kleszczowska"",""http://topo.portalgorski.pl/£ysa-Kleszczowska,Kleszczów,Jura-Krakowsko-Czêstochowska,skala,314"""
"Olkusz,""Ig³y Olkuskie"",""http://topo.portalgorski.pl/Ig³y-Olkuskie,Olkusz,Jura-Krakowsko-Czêstochowska,skala,629"""
"Olkusz,""Maniakówka"",""http://topo.portalgorski.pl/Maniakówka,Olkusz,Jura-Krakowsko-Czêstochowska,skala,548"""
"Olkusz,""Pazurek"",""http://topo.portalgorski.pl/Pazurek,Olkusz,Jura-Krakowsko-Czêstochowska,skala,628"""
"Olkusz,""Ska³y w Pomorzanach"",""http://topo.portalgorski.pl/Ska³y-w-Pomorzanach,Olkusz,Jura-Krakowsko-Czêstochowska,skala,622"""
"Olkusz,""Turnia Nad Kopalni¹"",""http://topo.portalgorski.pl/Turnia-Nad-Kopalni¹,Olkusz,Jura-Krakowsko-Czêstochowska,skala,627"""
"Olkusz,""Zubowe Ska³y"",""http://topo.portalgorski.pl/Zubowe-Ska³y,Olkusz,Jura-Krakowsko-Czêstochowska,skala,666"""
"Olsztyn k/Czêstochowy,""Kuropatwa"",""http://topo.portalgorski.pl/Kuropatwa,Olsztyn-kCzêstochowy,Jura-Krakowsko-Czêstochowska,skala,598"""
"Olsztyn k/Czêstochowy,""Mirów nad Wart¹ "",""http://topo.portalgorski.pl/Mirów-nad-Wart¹,Olsztyn-kCzêstochowy,Jura-Krakowsko-Czêstochowska,skala,597"""
"Olsztyn k/Czêstochowy,""Ska³a Mi³oœci w Mstowie"",""http://topo.portalgorski.pl/Ska³a-Mi³oœci-w-Mstowie,Olsztyn-kCzêstochowy,Jura-Krakowsko-Czêstochowska,skala,599"""
"Olsztyn k/Czêstochowy,""Zielona Góra"",""http://topo.portalgorski.pl/Zielona-Góra,Olsztyn-kCzêstochowy,Jura-Krakowsko-Czêstochowska,skala,592"""
"Podlesice,""Biblioteka"",""http://topo.portalgorski.pl/Biblioteka,Podlesice,Jura-Krakowsko-Czêstochowska,skala,596"""
"Podlesice,""Bogdanka"",""http://topo.portalgorski.pl/Bogdanka,Podlesice,Jura-Krakowsko-Czêstochowska,skala,572"""
"Podlesice,""Gips"",""http://topo.portalgorski.pl/Gips,Podlesice,Jura-Krakowsko-Czêstochowska,skala,569"""
"Podlesice,""Góra Apteka"",""http://topo.portalgorski.pl/Góra-Apteka,Podlesice,Jura-Krakowsko-Czêstochowska,skala,637"""
"Podlesice,""Góra Popielowa"",""http://topo.portalgorski.pl/Góra-Popielowa,Podlesice,Jura-Krakowsko-Czêstochowska,skala,573"""
"Podlesice,""Góra S³upska"",""http://topo.portalgorski.pl/Góra-S³upska,Podlesice,Jura-Krakowsko-Czêstochowska,skala,654"""
"Podlesice,""Jamkowa Baszta"",""http://topo.portalgorski.pl/Jamkowa-Baszta,Podlesice,Jura-Krakowsko-Czêstochowska,skala,854"""
"Podlesice,""Kitowa Ska³a"",""http://topo.portalgorski.pl/Kitowa-Ska³a,Podlesice,Jura-Krakowsko-Czêstochowska,skala,847"""
"Podlesice,""M³yñska Ska³a"",""http://topo.portalgorski.pl/M³yñska-Ska³a,Podlesice,Jura-Krakowsko-Czêstochowska,skala,488"""
"Podlesice,""Popielarka"",""http://topo.portalgorski.pl/Popielarka,Podlesice,Jura-Krakowsko-Czêstochowska,skala,454"""
"Podlesice,""Ska³a Apteka"",""http://topo.portalgorski.pl/Ska³a-Apteka,Podlesice,Jura-Krakowsko-Czêstochowska,skala,571"""
"Podlesice,""Turnia Motocyklistów"",""http://topo.portalgorski.pl/Turnia-Motocyklistów,Podlesice,Jura-Krakowsko-Czêstochowska,skala,413"""
"Podlesice,""£ê¿ec"",""http://topo.portalgorski.pl/£ê¿ec,Podlesice,Jura-Krakowsko-Czêstochowska,skala,570"""
"Podzamcze,""Suchy Po³eæ"",""http://topo.portalgorski.pl/Suchy-Po³eæ,Podzamcze,Jura-Krakowsko-Czêstochowska,skala,501"""
"Rusocice,""Czubatka (Dry Ig³y)"",""http://topo.portalgorski.pl/Czubatka-(Dry-Ig³y),Rusocice,Jura-Krakowsko-Czêstochowska,skala,335"""
"Rusocice,""Mlecz"",""http://topo.portalgorski.pl/Mlecz,Rusocice,Jura-Krakowsko-Czêstochowska,skala,334"""
"Ryczów,""Brzuchacka Ska³a"",""http://topo.portalgorski.pl/Brzuchacka-Ska³a,Ryczów,Jura-Krakowsko-Czêstochowska,skala,494"""
"Ryczów,""Cisownik"",""http://topo.portalgorski.pl/Cisownik,Ryczów,Jura-Krakowsko-Czêstochowska,skala,875"""
"Ryczów,""D³uga Góra"",""http://topo.portalgorski.pl/D³uga-Góra,Ryczów,Jura-Krakowsko-Czêstochowska,skala,605"""
"Ryczów,""Góra Kosia"",""http://topo.portalgorski.pl/Góra-Kosia,Ryczów,Jura-Krakowsko-Czêstochowska,skala,584"""
"Ryczów,""Góra Szczebel"",""http://topo.portalgorski.pl/Góra-Szczebel,Ryczów,Jura-Krakowsko-Czêstochowska,skala,664"""
"Ryczów,""Niegowonice"",""http://topo.portalgorski.pl/Niegowonice,Ryczów,Jura-Krakowsko-Czêstochowska,skala,846"""
"Ryczów,""Niwieñ"",""http://topo.portalgorski.pl/Niwieñ,Ryczów,Jura-Krakowsko-Czêstochowska,skala,574"""
"Ryczów,""Stra¿nica"",""http://topo.portalgorski.pl/Stra¿nica,Ryczów,Jura-Krakowsko-Czêstochowska,skala,583"""
"Ryczów,""Zwierzyniec"",""http://topo.portalgorski.pl/Zwierzyniec,Ryczów,Jura-Krakowsko-Czêstochowska,skala,575"""
"Ryczów,""Z¹bczysko"",""http://topo.portalgorski.pl/Z¹bczysko,Ryczów,Jura-Krakowsko-Czêstochowska,skala,604"""
"Rzêdkowice,""Leœna Turnia"",""http://topo.portalgorski.pl/Leœna-Turnia,Rzêdkowice,Jura-Krakowsko-Czêstochowska,skala,877"""
"Rzêdkowice,""Okiennik (Mnich)"",""http://topo.portalgorski.pl/Okiennik-(Mnich),Rzêdkowice,Jura-Krakowsko-Czêstochowska,skala,486"""
"Rzêdkowice,""Sektor Okiennika i S³onecznej"",""http://topo.portalgorski.pl/Sektor-Okiennika-i-S³onecznej,Rzêdkowice,Jura-Krakowsko-Czêstochowska,skala,487"""
"Rzêdkowice,""Sektor Solidarnoœci"",""http://topo.portalgorski.pl/Sektor-Solidarnoœci,Rzêdkowice,Jura-Krakowsko-Czêstochowska,skala,608"""
"Rzêdkowice,""Sektor Studniska"",""http://topo.portalgorski.pl/Sektor-Studniska,skala,456"""
"Rzêdkowice,""Sektor Turni Kursantów"",""http://topo.portalgorski.pl/Sektor-Turni-Kursantów,Rzêdkowice,Jura-Krakowsko-Czêstochowska,skala,475"""
"Rzêdkowice,""Sektor Zegarowej"",""http://topo.portalgorski.pl/Sektor-Zegarowej,Rzêdkowice,Jura-Krakowsko-Czêstochowska,skala,438"""
"Rzêdkowice,""Turnia Cyklopa i Wielka Baszta"",""http://topo.portalgorski.pl/Turnia-Cyklopa-i-Wielka-Baszta,Rzêdkowice,Jura-Krakowsko-Czêstochowska,skala,462"""
"Rzêdkowice,""Turnia Lechfora i Brzuchata"",""http://topo.portalgorski.pl/Turnia-Lechfora-i-Brzuchata,Rzêdkowice,Jura-Krakowsko-Czêstochowska,skala,464"""
"Rzêdkowice,""Wysoka"",""http://topo.portalgorski.pl/Wysoka,Rzêdkowice,Jura-Krakowsko-Czêstochowska,skala,436"""
"Skar¿yce,""Barwinek"",""http://topo.portalgorski.pl/Barwinek,Skar¿yce,Jura-Krakowsko-Czêstochowska,skala,653"""
"Skar¿yce,""Cydzownik"",""http://topo.portalgorski.pl/Cydzownik,Skar¿yce,Jura-Krakowsko-Czêstochowska,skala,521"""
"Skar¿yce,""Jamnicze"",""http://topo.portalgorski.pl/Jamnicze,Skar¿yce,Jura-Krakowsko-Czêstochowska,skala,522"""
"Skar¿yce,""Jaskó³cza Ska³a"",""http://topo.portalgorski.pl/Jaskó³cza-Ska³a,Skar¿yce,Jura-Krakowsko-Czêstochowska,skala,944"""
"Skar¿yce,""Kamienie ¯erkowickie"",""http://topo.portalgorski.pl/Kamienie-¯erkowickie,Skar¿yce,Jura-Krakowsko-Czêstochowska,skala,658"""
"Skar¿yce,""Lew"",""http://topo.portalgorski.pl/Lew,Skar¿yce,Jura-Krakowsko-Czêstochowska,skala,656"""
"Skar¿yce,""Nietoperze"",""http://topo.portalgorski.pl/Nietoperze,Skar¿yce,Jura-Krakowsko-Czêstochowska,skala,520"""
"Skar¿yce,""Ska³a z Krzy¿em"",""http://topo.portalgorski.pl/Ska³a-z-Krzy¿em,Skar¿yce,Jura-Krakowsko-Czêstochowska,skala,519"""
"Skar¿yce,""Sowie Ska³y"",""http://topo.portalgorski.pl/Sowie-Ska³y,Skar¿yce,Jura-Krakowsko-Czêstochowska,skala,657"""
"Smoleñ,""Biœnik"",""http://topo.portalgorski.pl/Biœnik,Smoleñ,Jura-Krakowsko-Czêstochowska,skala,670"""
"Smoleñ,""Goncerzyca"",""http://topo.portalgorski.pl/Goncerzyca,Smoleñ,Jura-Krakowsko-Czêstochowska,skala,526"""
"Smoleñ,""Grodzisko Ch³opskie"",""http://topo.portalgorski.pl/Grodzisko-Ch³opskie,Smoleñ,Jura-Krakowsko-Czêstochowska,skala,677"""
"Smoleñ,""Grodzisko Pañskie"",""http://topo.portalgorski.pl/Grodzisko-Pañskie,Smoleñ,Jura-Krakowsko-Czêstochowska,skala,678"""
"Smoleñ,""Jaskinia Jasna w Strzegowej"",""http://topo.portalgorski.pl/Jaskinia-Jasna-w-Strzegowej,Smoleñ,Jura-Krakowsko-Czêstochowska,skala,671"""
"Smoleñ,""Krzywoœæ"",""http://topo.portalgorski.pl/Krzywoœæ,Smoleñ,Jura-Krakowsko-Czêstochowska,skala,852"""
"Smoleñ,""Park Jurajski"",""http://topo.portalgorski.pl/Park-Jurajski,Smoleñ,Jura-Krakowsko-Czêstochowska,skala,672"""
"Smoleñ,""Ruskowa Ska³a"",""http://topo.portalgorski.pl/Ruskowa-Ska³a,Smoleñ,Jura-Krakowsko-Czêstochowska,skala,681"""
"Smoleñ,""Udórz"",""http://topo.portalgorski.pl/Udórz,Smoleñ,Jura-Krakowsko-Czêstochowska,skala,682"""
"Smoleñ,""Wróblowa"",""http://topo.portalgorski.pl/Wróblowa,Smoleñ,Jura-Krakowsko-Czêstochowska,skala,525"""
"Smoleñ,""Zakocie"",""http://topo.portalgorski.pl/Zakocie,Smoleñ,Jura-Krakowsko-Czêstochowska,skala,680"""
"Sokole Góry,""Boniek"",""http://topo.portalgorski.pl/Boniek,Sokole-Góry,Jura-Krakowsko-Czêstochowska,skala,609"""
"Sokole Góry,""Pielgrzym"",""http://topo.portalgorski.pl/Pielgrzym,Sokole-Góry,Jura-Krakowsko-Czêstochowska,skala,607"""
"Sokole Góry,""Przewieszony Mur"",""http://topo.portalgorski.pl/Przewieszony-Mur,Sokole-Góry,Jura-Krakowsko-Czêstochowska,skala,612"""
"Sokole Góry,""Ska³y Kadry"",""http://topo.portalgorski.pl/Ska³y-Kadry,Sokole-Góry,Jura-Krakowsko-Czêstochowska,skala,696"""
"Sokole Góry,""Skrzat i Soczewka"",""http://topo.portalgorski.pl/Skrzat-i-Soczewka,Sokole-Góry,Jura-Krakowsko-Czêstochowska,skala,613"""
"Sokole Góry,""Sokola Baszta"",""http://topo.portalgorski.pl/Sokola-Baszta,Sokole-Góry,Jura-Krakowsko-Czêstochowska,skala,610"""
"Sokole Góry,""Turnie Simonda"",""http://topo.portalgorski.pl/Turnie-Simonda,Sokole-Góry,Jura-Krakowsko-Czêstochowska,skala,611"""
"£utowiec,""Grupa Knura"",""http://topo.portalgorski.pl/Grupa-Knura,£utowiec,Jura-Krakowsko-Czêstochowska,skala,589"""
"£utowiec,""Grupa £ysej"",""http://topo.portalgorski.pl/Grupa-£ysej,£utowiec,Jura-Krakowsko-Czêstochowska,skala,590"""
"£utowiec,""Ule, S³oñ i Ró¿owa Œcianka"",""http://topo.portalgorski.pl/Ule-S³oñ-i-Ró¿owa-Œcianka,£utowiec,Jura-Krakowsko-Czêstochowska,skala,591"""
"Krajowice,""Diabelska Przepaœæ"",""http://topo.portalgorski.pl/Diabelska-Przepaœæ,Krajowice,Podkarpacie,skala,742"""
"Krajowice,""Stra¿nica"",""http://topo.portalgorski.pl/Stra¿nica,Krajowice,Podkarpacie,skala,743"""
"Leski Kamieñ,""Leski Kamieñ"",""http://topo.portalgorski.pl/Leski-Kamieñ,Leski-Kamieñ,Podkarpacie,skala,402"""
"¯urowa,""Borówka Kapliczka"",""http://topo.portalgorski.pl/Borówka-Kapliczka,¯urowa,Podkarpacie,skala,279"""
"¯urowa,""Borówka Ni¿na"",""http://topo.portalgorski.pl/Borówka-Ni¿na,¯urowa,Podkarpacie,skala,278"""
"¯urowa,""Borówka Okap"",""http://topo.portalgorski.pl/Borówka-Okap,¯urowa,Podkarpacie,skala,277"""
"Pogórze Sudeckie,""Kamienio³om Chwa³ków"",""http://topo.portalgorski.pl/Kamienio³om-Chwa³ków,Pogórze-Sudeckie,Sudety,skala,750"""
"Pogórze Sudeckie,""Karczmisko w Kaczorowie"",""http://topo.portalgorski.pl/Karczmisko-w-Kaczorowie,Pogórze-Sudeckie,Sudety,skala,869"""
"Pogórze Sudeckie,""Witosza"",""http://topo.portalgorski.pl/Witosza,Pogórze-Sudeckie,Sudety,skala,904"""
"Rejon Miêdzygórza ,""Pasterskie Ska³y"",""http://topo.portalgorski.pl/Pasterskie-Ska³y,Rejon-Miêdzygórza,Sudety,skala,947"""
"Rudawy Janowickie,""Z³otniki"",""http://topo.portalgorski.pl/Z³otniki,Rudawy-Janowickie,Sudety,skala,954"""
"Sokoliki,""Husyckie Ska³y"",""http://topo.portalgorski.pl/Husyckie-Ska³y,Sokoliki,Sudety,skala,782"""
"Szczytnik,""Ska³y Malwa "",""http://topo.portalgorski.pl/Ska³y-Malwa,Szczytnik,Sudety,skala,636"""
"Szklarska Porêba,""Bobrowe Ska³y"",""http://topo.portalgorski.pl/Bobrowe-Ska³y,Szklarska-Porêba,Sudety,skala,764"""
"Szklarska Porêba,""Dziobata"",""http://topo.portalgorski.pl/Dziobata,Szklarska-Porêba,Sudety,skala,768"""
"Szklarska Porêba,""Dziurawa Ska³a w Przesiece"",""http://topo.portalgorski.pl/Dziurawa-Ska³a-w-Przesiece,Szklarska-Porêba,Sudety,skala,856"""
"Szklarska Porêba,""G³azisko"",""http://topo.portalgorski.pl/G³azisko,Szklarska-Porêba,Sudety,skala,769"""
"Szklarska Porêba,""Krucze Ska³y"",""http://topo.portalgorski.pl/Krucze-Ska³y,Szklarska-Porêba,Sudety,skala,767"""
"Szklarska Porêba,""Krucze Ska³y w Krapaczu"",""http://topo.portalgorski.pl/Krucze-Ska³y-w-Krapaczu,Szklarska-Porêba,Sudety,skala,857"""
"Szklarska Porêba,""Krzywe Baszty"",""http://topo.portalgorski.pl/Krzywe-Baszty,Szklarska-Porêba,Sudety,skala,766"""
"Szklarska Porêba,""Piekielnik"",""http://topo.portalgorski.pl/Piekielnik,Szklarska-Porêba,Sudety,skala,770"""
"Szklarska Porêba,""Rejon Aplitowej Ska³y"",""http://topo.portalgorski.pl/Rejon-Aplitowej-Ska³y,Szklarska-Porêba,Sudety,skala,859"""
"Szklarska Porêba,""Ska³a Teœciowej"",""http://topo.portalgorski.pl/Ska³a-Teœciowej,Szklarska-Porêba,Sudety,skala,858"""
"Szklarska Porêba,""Sowiniec"",""http://topo.portalgorski.pl/Sowiniec,Szklarska-Porêba,Sudety,skala,855"""
"Szklarska Porêba,""Zbójeckie Ska³y"",""http://topo.portalgorski.pl/Zbójeckie-Ska³y,Szklarska-Porêba,Sudety,skala,771"""
"Prze³om Bia³ki,""Kramnica"",""http://topo.portalgorski.pl/Kramnica,Prze³om-Bia³ki,Tatry-i-Podhale,skala,934"""
"Prze³om Bia³ki,""Ob³azowa"",""http://topo.portalgorski.pl/Ob³azowa,Prze³om-Bia³ki,Tatry-i-Podhale,skala,932"""
"Krzemionki,""Esteci"",""http://topo.portalgorski.pl/Esteci,Krzemionki,Brama-Krakowska,Jura-Krakowsko-Czêstochowska,skala,159"""
"Krzemionki,""Ska³y za szko³¹"",""http://topo.portalgorski.pl/Ska³y-za-szko³¹,Krzemionki,Brama-Krakowska,Jura-Krakowsko-Czêstochowska,skala,160"""
"Liban,""El Pu³kownik"",""http://topo.portalgorski.pl/El-Pu³kownik,Liban,Brama-Krakowska,Jura-Krakowsko-Czêstochowska,skala,163"""
"Piekary,""Fudalowa Ska³a"",""http://topo.portalgorski.pl/Fudalowa-Ska³a,Piekary,Brama-Krakowska,Jura-Krakowsko-Czêstochowska,skala,878"""
"Piekary,""Okr¹¿ek"",""http://topo.portalgorski.pl/Okr¹¿ek,Piekary,Brama-Krakowska,Jura-Krakowsko-Czêstochowska,skala,168"""
"Tyniec,""Filarki"",""http://topo.portalgorski.pl/Filarki,Tyniec,Brama-Krakowska,Jura-Krakowsko-Czêstochowska,skala,167"""
"Tyniec,""Skurwysyn"",""http://topo.portalgorski.pl/Skurwysyn,Tyniec,Brama-Krakowska,Jura-Krakowsko-Czêstochowska,skala,166"""
"Tyniec,""Winnica"",""http://topo.portalgorski.pl/Winnica,Tyniec,Brama-Krakowska,Jura-Krakowsko-Czêstochowska,skala,165"""
"Zakrzówek,""Baba Jaga"",""http://topo.portalgorski.pl/Baba-Jaga,Zakrzówek,Brama-Krakowska,Jura-Krakowsko-Czêstochowska,skala,156"""
"Zakrzówek,""Ci¹¿a"",""http://topo.portalgorski.pl/Ci¹¿a,Zakrzówek,Brama-Krakowska,Jura-Krakowsko-Czêstochowska,skala,154"""
"Zakrzówek,""Freney"",""http://topo.portalgorski.pl/Freney,Zakrzówek,Brama-Krakowska,Jura-Krakowsko-Czêstochowska,skala,155"""
"Zakrzówek,""Problemówka"",""http://topo.portalgorski.pl/Problemówka,Zakrzówek,Brama-Krakowska,Jura-Krakowsko-Czêstochowska,skala,153"""
"Zakrzówek,""Szara Œcianka"",""http://topo.portalgorski.pl/Szara-Œcianka,Zakrzówek,Brama-Krakowska,Jura-Krakowsko-Czêstochowska,skala,157"""
"Chroœnieñskie Ska³y,""Brzuszna Ska³a"",""http://topo.portalgorski.pl/Brzuszna-Ska³a,Chroœnieñskie-Ska³y,Dolina-Brzoskwinki,Jura-Krakowsko-Czêstochowska,skala,181"""
"Chroœnieñskie Ska³y,""Lisie Jamy"",""http://topo.portalgorski.pl/Lisie-Jamy,Chroœnieñskie-Ska³y,Dolina-Brzoskwinki,Jura-Krakowsko-Czêstochowska,skala,174"""
"Chroœnieñskie Ska³y,""Mysiura"",""http://topo.portalgorski.pl/Mysiura,Chroœnieñskie-Ska³y,Dolina-Brzoskwinki,Jura-Krakowsko-Czêstochowska,skala,179"""
"Chroœnieñskie Ska³y,""Obchodnia"",""http://topo.portalgorski.pl/Obchodnia,Chroœnieñskie-Ska³y,Dolina-Brzoskwinki,Jura-Krakowsko-Czêstochowska,skala,176"""
"Chroœnieñskie Ska³y,""Po³o¿na"",""http://topo.portalgorski.pl/Po³o¿na,Chroœnieñskie-Ska³y,Dolina-Brzoskwinki,Jura-Krakowsko-Czêstochowska,skala,175"""
"Chroœnieñskie Ska³y,""Ska³a artystów"",""http://topo.portalgorski.pl/Ska³a-artystów,Chroœnieñskie-Ska³y,Dolina-Brzoskwinki,Jura-Krakowsko-Czêstochowska,skala,178"""
"Chroœnieñskie Ska³y,""Zrêb"",""http://topo.portalgorski.pl/Zrêb,Chroœnieñskie-Ska³y,Dolina-Brzoskwinki,Jura-Krakowsko-Czêstochowska,skala,177"""
"Chroœnieñskie Ska³y,""¯mijowe"",""http://topo.portalgorski.pl/¯mijowe,Chroœnieñskie-Ska³y,Dolina-Brzoskwinki,Jura-Krakowsko-Czêstochowska,skala,180"""
"Czêœæ prywatna,""Cygañska Turnia"",""http://topo.portalgorski.pl/Cygañska-Turnia,Czêœæ-prywatna,Dolina-Brzoskwinki,Jura-Krakowsko-Czêstochowska,skala,209"""
"Czêœæ prywatna,""Diabla Ska³a"",""http://topo.portalgorski.pl/Diabla-Ska³a,Czêœæ-prywatna,Dolina-Brzoskwinki,Jura-Krakowsko-Czêstochowska,skala,212"""
"Czêœæ prywatna,""Dzika Baszta"",""http://topo.portalgorski.pl/Dzika-Baszta,Czêœæ-prywatna,Dolina-Brzoskwinki,Jura-Krakowsko-Czêstochowska,skala,208"""
"Czêœæ prywatna,""Kanion"",""http://topo.portalgorski.pl/Kanion,Czêœæ-prywatna,Dolina-Brzoskwinki,Jura-Krakowsko-Czêstochowska,skala,261"""
"Czêœæ prywatna,""Kazalnica"",""http://topo.portalgorski.pl/Kazalnica,Czêœæ-prywatna,Dolina-Brzoskwinki,Jura-Krakowsko-Czêstochowska,skala,206"""
"Czêœæ prywatna,""Krzy¿akowa Ska³a"",""http://topo.portalgorski.pl/Krzy¿akowa-Ska³a,Czêœæ-prywatna,Dolina-Brzoskwinki,Jura-Krakowsko-Czêstochowska,skala,735"""
"Czêœæ prywatna,""Labirynt"",""http://topo.portalgorski.pl/Labirynt,Czêœæ-prywatna,Dolina-Brzoskwinki,Jura-Krakowsko-Czêstochowska,skala,210"""
"Czêœæ prywatna,""Mur Renarda"",""http://topo.portalgorski.pl/Mur-Renarda,Czêœæ-prywatna,Dolina-Brzoskwinki,Jura-Krakowsko-Czêstochowska,skala,207"""
"Czêœæ prywatna,""Osobna"",""http://topo.portalgorski.pl/Osobna,Czêœæ-prywatna,Dolina-Brzoskwinki,Jura-Krakowsko-Czêstochowska,skala,912"""
"Czêœæ prywatna,""Wodna Ska³a"",""http://topo.portalgorski.pl/Wodna-Ska³a,Czêœæ-prywatna,Dolina-Brzoskwinki,Jura-Krakowsko-Czêstochowska,skala,211"""
"Wêzie Ska³y,""Drzewna"",""http://topo.portalgorski.pl/Drzewna,Wêzie-Ska³y,Dolina-Brzoskwinki,Jura-Krakowsko-Czêstochowska,skala,185"""
"Wêzie Ska³y,""Leszczynowa"",""http://topo.portalgorski.pl/Leszczynowa,Wêzie-Ska³y,Dolina-Brzoskwinki,Jura-Krakowsko-Czêstochowska,skala,184"""
"Wêzie Ska³y,""Menhir"",""http://topo.portalgorski.pl/Menhir,Wêzie-Ska³y,Dolina-Brzoskwinki,Jura-Krakowsko-Czêstochowska,skala,183"""
"Wêzie Ska³y,""Wêzia"",""http://topo.portalgorski.pl/Wêzia,Wêzie-Ska³y,Dolina-Brzoskwinki,Jura-Krakowsko-Czêstochowska,skala,186"""
"Czarcie Wrota,""Czarci Korytarz"",""http://topo.portalgorski.pl/Czarci-Korytarz,Czarcie-Wrota,Dolina-Bêdkowska,Jura-Krakowsko-Czêstochowska,skala,348"""
"Czarcie Wrota,""Czarcie Wrota"",""http://topo.portalgorski.pl/Czarcie-Wrota,Czarcie-Wrota,Dolina-Bêdkowska,Jura-Krakowsko-Czêstochowska,skala,347"""
"Czarcie Wrota,""Hades"",""http://topo.portalgorski.pl/Hades,Czarcie-Wrota,Dolina-Bêdkowska,Jura-Krakowsko-Czêstochowska,skala,346"""
"Fiala i Wzgórze 502,""Fiala"",""http://topo.portalgorski.pl/Fiala,Fiala-i-Wzgórze-502,Dolina-Bêdkowska,Jura-Krakowsko-Czêstochowska,skala,297"""
"Fiala i Wzgórze 502,""Go³a"",""http://topo.portalgorski.pl/Go³a,Fiala-i-Wzgórze-502,Dolina-Bêdkowska,Jura-Krakowsko-Czêstochowska,skala,786"""
"Fiala i Wzgórze 502,""Wzgórze 502"",""http://topo.portalgorski.pl/Wzgórze-502,Fiala-i-Wzgórze-502,Dolina-Bêdkowska,Jura-Krakowsko-Czêstochowska,skala,324"""
"Fiala i Wzgórze 502,""Œpiewacza Ska³a"",""http://topo.portalgorski.pl/Œpiewacza-Ska³a,Fiala-i-Wzgórze-502,Dolina-Bêdkowska,Jura-Krakowsko-Czêstochowska,skala,870"""
"Grupa Bramy Bêdkowskiej,""Brykada"",""http://topo.portalgorski.pl/Brykada,Grupa-Bramy-Bêdkowskiej,Dolina-Bêdkowska,Jura-Krakowsko-Czêstochowska,skala,339"""
"Grupa Bramy Bêdkowskiej,""LXX"",""http://topo.portalgorski.pl/LXX,Grupa-Bramy-Bêdkowskiej,Dolina-Bêdkowska,Jura-Krakowsko-Czêstochowska,skala,256"""
"Grupa Bramy Bêdkowskiej,""Lajkonik"",""http://topo.portalgorski.pl/Lajkonik,Grupa-Bramy-Bêdkowskiej,Dolina-Bêdkowska,Jura-Krakowsko-Czêstochowska,skala,248"""
"Grupa Bramy Bêdkowskiej,""Luneta"",""http://topo.portalgorski.pl/Luneta,Grupa-Bramy-Bêdkowskiej,Dolina-Bêdkowska,Jura-Krakowsko-Czêstochowska,skala,257"""
"Grupa Bramy Bêdkowskiej,""Naro¿niak"",""http://topo.portalgorski.pl/Naro¿niak,Grupa-Bramy-Bêdkowskiej,Dolina-Bêdkowska,Jura-Krakowsko-Czêstochowska,skala,255"""
"Grupa Bramy Bêdkowskiej,""Odpowiednik"",""http://topo.portalgorski.pl/Odpowiednik,Grupa-Bramy-Bêdkowskiej,Dolina-Bêdkowska,Jura-Krakowsko-Czêstochowska,skala,251"""
"Grupa Bramy Bêdkowskiej,""Pytajnik"",""http://topo.portalgorski.pl/Pytajnik,Grupa-Bramy-Bêdkowskiej,Dolina-Bêdkowska,Jura-Krakowsko-Czêstochowska,skala,252"""
"Grupa Bramy Bêdkowskiej,""Rogata Grañ"",""http://topo.portalgorski.pl/Rogata-Grañ,Grupa-Bramy-Bêdkowskiej,Dolina-Bêdkowska,Jura-Krakowsko-Czêstochowska,skala,249"""
"Grupa Bramy Bêdkowskiej,""Rotunda"",""http://topo.portalgorski.pl/Rotunda,Grupa-Bramy-Bêdkowskiej,Dolina-Bêdkowska,Jura-Krakowsko-Czêstochowska,skala,253"""
"Grupa Bramy Bêdkowskiej,""Zapytajnik"",""http://topo.portalgorski.pl/Zapytajnik,Grupa-Bramy-Bêdkowskiej,Dolina-Bêdkowska,Jura-Krakowsko-Czêstochowska,skala,250"""
"Grupa Bramy Bêdkowskiej,""Zjazdowa Turnia"",""http://topo.portalgorski.pl/Zjazdowa-Turnia,Grupa-Bramy-Bêdkowskiej,Dolina-Bêdkowska,Jura-Krakowsko-Czêstochowska,skala,254"""
"Grupa Dupy S³onia,""Cyrk Cmentarzyska i Prawe Cmentarzysko"",""http://topo.portalgorski.pl/Cyrk-Cmentarzyska-i-Prawe-Cmentarzysko,Grupa-Dupy-S³onia,Dolina-Bêdkowska,Jura-Krakowsko-Czêstochowska,skala,286"""
"Grupa Dupy S³onia,""Dupa S³onia"",""http://topo.portalgorski.pl/Dupa-S³onia,Grupa-Dupy-S³onia,Dolina-Bêdkowska,Jura-Krakowsko-Czêstochowska,skala,246"""
"Grupa Dupy S³onia,""Dupeczka"",""http://topo.portalgorski.pl/Dupeczka,Grupa-Dupy-S³onia,Dolina-Bêdkowska,Jura-Krakowsko-Czêstochowska,skala,952"""
"Grupa Dupy S³onia,""Iglica"",""http://topo.portalgorski.pl/Iglica,Grupa-Dupy-S³onia,Dolina-Bêdkowska,Jura-Krakowsko-Czêstochowska,skala,281"""
"Grupa Dupy S³onia,""Lewe Cmentarzysko"",""http://topo.portalgorski.pl/Lewe-Cmentarzysko,Grupa-Dupy-S³onia,Dolina-Bêdkowska,Jura-Krakowsko-Czêstochowska,skala,280"""
"Grupa Dupy S³onia,""Okiennik Bêdkowski"",""http://topo.portalgorski.pl/Okiennik-Bêdkowski,Grupa-Dupy-S³onia,Dolina-Bêdkowska,Jura-Krakowsko-Czêstochowska,skala,368"""
"Grupa Dupy S³onia,""Prawe Cmentarzysko"",""http://topo.portalgorski.pl/Prawe-Cmentarzysko,Grupa-Dupy-S³onia,Dolina-Bêdkowska,Jura-Krakowsko-Czêstochowska,skala,726"""
"Grupa Dupy S³onia,""Przydro¿na"",""http://topo.portalgorski.pl/Przydro¿na,Grupa-Dupy-S³onia,Dolina-Bêdkowska,Jura-Krakowsko-Czêstochowska,skala,718"""
"Grupa Dupy S³onia,""Ska³a z Bluszczem"",""http://topo.portalgorski.pl/Ska³a-z-Bluszczem,Grupa-Dupy-S³onia,Dolina-Bêdkowska,Jura-Krakowsko-Czêstochowska,skala,344"""
"Grupa Gêsiarni,""Forteca"",""http://topo.portalgorski.pl/Forteca,Grupa-Gêsiarni,Dolina-Bêdkowska,Jura-Krakowsko-Czêstochowska,skala,353"""
"Grupa Gêsiarni,""Gêsiarnia"",""http://topo.portalgorski.pl/Gêsiarnia,Grupa-Gêsiarni,Dolina-Bêdkowska,Jura-Krakowsko-Czêstochowska,skala,351"""
"Grupa Wielkiej Turni,""Fraszka i el Jebel"",""http://topo.portalgorski.pl/Fraszka-i-el-Jebel,Grupa-Wielkiej-Turni,Dolina-Bêdkowska,Jura-Krakowsko-Czêstochowska,skala,355"""
"Grupa Wielkiej Turni,""Ma³a Turnia"",""http://topo.portalgorski.pl/Ma³a-Turnia,Grupa-Wielkiej-Turni,Dolina-Bêdkowska,Jura-Krakowsko-Czêstochowska,skala,269"""
"Grupa Wielkiej Turni,""Misiaczek"",""http://topo.portalgorski.pl/Misiaczek,Grupa-Wielkiej-Turni,Dolina-Bêdkowska,Jura-Krakowsko-Czêstochowska,skala,273"""
"Grupa Wielkiej Turni,""Mur Skwirczyñskiego"",""http://topo.portalgorski.pl/Mur-Skwirczyñskiego,Grupa-Wielkiej-Turni,Dolina-Bêdkowska,Jura-Krakowsko-Czêstochowska,skala,274"""
"Grupa Wielkiej Turni,""Wielka Turnia"",""http://topo.portalgorski.pl/Wielka-Turnia,Grupa-Wielkiej-Turni,Dolina-Bêdkowska,Jura-Krakowsko-Czêstochowska,skala,270"""
"Grupa Wielkiej Turni,""Zaklêty Bastion"",""http://topo.portalgorski.pl/Zaklêty-Bastion,Grupa-Wielkiej-Turni,Dolina-Bêdkowska,Jura-Krakowsko-Czêstochowska,skala,357"""
"Grupa Wielkiej Turni,""Œrednik"",""http://topo.portalgorski.pl/Œrednik,Grupa-Wielkiej-Turni,Dolina-Bêdkowska,Jura-Krakowsko-Czêstochowska,skala,272"""
"Grupa Wysokiej,""Baszta nad Wod¹"",""http://topo.portalgorski.pl/Baszta-nad-Wod¹,Grupa-Wysokiej,Dolina-Bêdkowska,Jura-Krakowsko-Czêstochowska,skala,302"""
"Grupa Wysokiej,""Grañ za Wysok¹"",""http://topo.portalgorski.pl/Grañ-za-Wysok¹,Grupa-Wysokiej,Dolina-Bêdkowska,Jura-Krakowsko-Czêstochowska,skala,301"""
"Grupa Wysokiej,""Wysoka"",""http://topo.portalgorski.pl/Wysoka,Grupa-Wysokiej,Dolina-Bêdkowska,Jura-Krakowsko-Czêstochowska,skala,299"""
"Grupa Wysokiej,""Wysoka Grañ"",""http://topo.portalgorski.pl/Wysoka-Grañ,Grupa-Wysokiej,Dolina-Bêdkowska,Jura-Krakowsko-Czêstochowska,skala,300"""
"Grupa nad Stawami,""Migda³kowa"",""http://topo.portalgorski.pl/Migda³kowa,Grupa-nad-Stawami,Dolina-Bêdkowska,Jura-Krakowsko-Czêstochowska,skala,304"""
"Grupa nad Stawami,""Rodzynek"",""http://topo.portalgorski.pl/Rodzynek,Grupa-nad-Stawami,Dolina-Bêdkowska,Jura-Krakowsko-Czêstochowska,skala,305"""
"Grupa nad Stawami,""Rybne Ska³y"",""http://topo.portalgorski.pl/Rybne-Ska³y,Grupa-nad-Stawami,Dolina-Bêdkowska,Jura-Krakowsko-Czêstochowska,skala,307"""
"Grupa nad Stawami,""Wê¿owe Ska³y"",""http://topo.portalgorski.pl/Wê¿owe-Ska³y,Grupa-nad-Stawami,Dolina-Bêdkowska,Jura-Krakowsko-Czêstochowska,skala,306"""
"Grupa nad Szañcem,""Reduta"",""http://topo.portalgorski.pl/Reduta,Grupa-nad-Szañcem,Dolina-Bêdkowska,Jura-Krakowsko-Czêstochowska,skala,343"""
"Grupa nad Szañcem,""Sucha Baszta"",""http://topo.portalgorski.pl/Sucha-Baszta,Grupa-nad-Szañcem,Dolina-Bêdkowska,Jura-Krakowsko-Czêstochowska,skala,342"""
"Grupa nad Szañcem,""Turnia nad Szañcem"",""http://topo.portalgorski.pl/Turnia-nad-Szañcem,Grupa-nad-Szañcem,Dolina-Bêdkowska,Jura-Krakowsko-Czêstochowska,skala,341"""
"Grupa £abajowej,""Mniszkowa"",""http://topo.portalgorski.pl/Mniszkowa,Grupa-£abajowej,Dolina-Bêdkowska,Jura-Krakowsko-Czêstochowska,skala,225"""
"Grupa £abajowej,""Stumilowy Kras"",""http://topo.portalgorski.pl/Stumilowy-Kras,Grupa-£abajowej,Dolina-Bêdkowska,Jura-Krakowsko-Czêstochowska,skala,929"""
"Grupa £abajowej,""Tomaszówki"",""http://topo.portalgorski.pl/Tomaszówki,Grupa-£abajowej,Dolina-Bêdkowska,Jura-Krakowsko-Czêstochowska,skala,933"""
"Grupa £abajowej,""£abajowa Baszta"",""http://topo.portalgorski.pl/£abajowa-Baszta,Grupa-£abajowej,Dolina-Bêdkowska,Jura-Krakowsko-Czêstochowska,skala,227"""
"Grupa £abajowej,""£abajowa i Lipna Œciana"",""http://topo.portalgorski.pl/£abajowa-i-Lipna-Œciana,Grupa-£abajowej,Dolina-Bêdkowska,Jura-Krakowsko-Czêstochowska,skala,226"""
"Sektor Zbêdowych Ska³,""Ko³kowa Ska³a"",""http://topo.portalgorski.pl/Ko³kowa-Ska³a,Sektor-Zbêdowych-Ska³,Dolina-Bêdkowska,Jura-Krakowsko-Czêstochowska,skala,950"""
"Sektor Zbêdowych Ska³,""Zbêdowa Ska³a"",""http://topo.portalgorski.pl/Zbêdowa-Ska³a,Sektor-Zbêdowych-Ska³,Dolina-Bêdkowska,Jura-Krakowsko-Czêstochowska,skala,717"""
"Sektor Zbêdowych Ska³,""Zbêdowy Murek"",""http://topo.portalgorski.pl/Zbêdowy-Murek,Sektor-Zbêdowych-Ska³,Dolina-Bêdkowska,Jura-Krakowsko-Czêstochowska,skala,715"""
"W¹wóz Przecówki,""Brandysowa"",""http://topo.portalgorski.pl/Brandysowa,W¹wóz-Przecówki,Dolina-Bêdkowska,Jura-Krakowsko-Czêstochowska,skala,264"""
"W¹wóz Przecówki,""Sarnia Ska³a"",""http://topo.portalgorski.pl/Sarnia-Ska³a,W¹wóz-Przecówki,Dolina-Bêdkowska,Jura-Krakowsko-Czêstochowska,skala,354"""
"W¹wóz Ostryszni,""Cieplarnia"",""http://topo.portalgorski.pl/Cieplarnia,W¹wóz-Ostryszni,Dolina-D³ubni-i-W¹wóz-Ostryszni,Jura-Krakowsko-Czêstochowska,skala,686"""
"W¹wóz Ostryszni,""Fortepian"",""http://topo.portalgorski.pl/Fortepian,W¹wóz-Ostryszni,Dolina-D³ubni-i-W¹wóz-Ostryszni,Jura-Krakowsko-Czêstochowska,skala,688"""
"W¹wóz Ostryszni,""Kowad³o"",""http://topo.portalgorski.pl/Kowad³o,W¹wóz-Ostryszni,Dolina-D³ubni-i-W¹wóz-Ostryszni,Jura-Krakowsko-Czêstochowska,skala,687"""
"W¹wóz Ostryszni,""Murek z Wampirami"",""http://topo.portalgorski.pl/Murek-z-Wampirami,W¹wóz-Ostryszni,Dolina-D³ubni-i-W¹wóz-Ostryszni,Jura-Krakowsko-Czêstochowska,skala,693"""
"W¹wóz Ostryszni,""Organy"",""http://topo.portalgorski.pl/Organy,W¹wóz-Ostryszni,Dolina-D³ubni-i-W¹wóz-Ostryszni,Jura-Krakowsko-Czêstochowska,skala,685"""
"W¹wóz Ostryszni,""Pociski"",""http://topo.portalgorski.pl/Pociski,W¹wóz-Ostryszni,Dolina-D³ubni-i-W¹wóz-Ostryszni,Jura-Krakowsko-Czêstochowska,skala,690"""
"W¹wóz Ostryszni,""Sanatorium"",""http://topo.portalgorski.pl/Sanatorium,W¹wóz-Ostryszni,Dolina-D³ubni-i-W¹wóz-Ostryszni,Jura-Krakowsko-Czêstochowska,skala,691"""
"W¹wóz Ostryszni,""Szkatu³ka"",""http://topo.portalgorski.pl/Szkatu³ka,W¹wóz-Ostryszni,Dolina-D³ubni-i-W¹wóz-Ostryszni,Jura-Krakowsko-Czêstochowska,skala,689"""
"W¹wóz Ostryszni,""Wielka Ostryszniañska"",""http://topo.portalgorski.pl/Wielka-Ostryszniañska,W¹wóz-Ostryszni,Dolina-D³ubni-i-W¹wóz-Ostryszni,Jura-Krakowsko-Czêstochowska,skala,692"""
"Czêœæ po³udniowa,""Leœna Baszta"",""http://topo.portalgorski.pl/Leœna-Baszta,Czêœæ-po³udniowa,Dolina-Kluczwody,Jura-Krakowsko-Czêstochowska,skala,724"""
"Czêœæ po³udniowa,""M¹czne Ska³y"",""http://topo.portalgorski.pl/M¹czne-Ska³y,Czêœæ-po³udniowa,Dolina-Kluczwody,Jura-Krakowsko-Czêstochowska,skala,911"""
"Czêœæ po³udniowa,""Rogata Turnia"",""http://topo.portalgorski.pl/Rogata-Turnia,Czêœæ-po³udniowa,Dolina-Kluczwody,Jura-Krakowsko-Czêstochowska,skala,723"""
"Czêœæ po³udniowa,""Szeroka Ska³a i Przeciêta Ska³a"",""http://topo.portalgorski.pl/Szeroka-Ska³a-i-Przeciêta-Ska³a,Czêœæ-po³udniowa,Dolina-Kluczwody,Jura-Krakowsko-Czêstochowska,skala,727"""
"Czêœæ po³udniowa,""Turnia Potockiego"",""http://topo.portalgorski.pl/Turnia-Potockiego,Czêœæ-po³udniowa,Dolina-Kluczwody,Jura-Krakowsko-Czêstochowska,skala,725"""
"Czêœæ po³udniowa,""Zamkowe Ska³y"",""http://topo.portalgorski.pl/Zamkowe-Ska³y,Czêœæ-po³udniowa,Dolina-Kluczwody,Jura-Krakowsko-Czêstochowska,skala,722"""
"Grupa Dwoistej Turni,""Bodzio"",""http://topo.portalgorski.pl/Bodzio,Grupa-Dwoistej-Turni,Dolina-Kobylañska,Jura-Krakowsko-Czêstochowska,skala,116"""
"Grupa Dwoistej Turni,""Cycówka i Piersiówka"",""http://topo.portalgorski.pl/Cycówka-i-Piersiówka,Grupa-Dwoistej-Turni,Dolina-Kobylañska,Jura-Krakowsko-Czêstochowska,skala,114"""
"Grupa Dwoistej Turni,""Czarna Œcianka"",""http://topo.portalgorski.pl/Czarna-Œcianka,Grupa-Dwoistej-Turni,Dolina-Kobylañska,Jura-Krakowsko-Czêstochowska,skala,147"""
"Grupa Dwoistej Turni,""Dwoista Turnia"",""http://topo.portalgorski.pl/Dwoista-Turnia,Grupa-Dwoistej-Turni,Dolina-Kobylañska,Jura-Krakowsko-Czêstochowska,skala,117"""
"Grupa Dwoistej Turni,""Postrzêpiona Turnia"",""http://topo.portalgorski.pl/Postrzêpiona-Turnia,Grupa-Dwoistej-Turni,Dolina-Kobylañska,Jura-Krakowsko-Czêstochowska,skala,948"""
"Grupa Dwoistej Turni,""Turnia z Krzy¿em"",""http://topo.portalgorski.pl/Turnia-z-Krzy¿em,Grupa-Dwoistej-Turni,Dolina-Kobylañska,Jura-Krakowsko-Czêstochowska,skala,115"""
"Grupa Kuli,""Kula"",""http://topo.portalgorski.pl/Kula,Grupa-Kuli,Dolina-Kobylañska,Jura-Krakowsko-Czêstochowska,skala,222"""
"Grupa Nad róde³kiem,""Asteriks"",""http://topo.portalgorski.pl/Asteriks,Grupa-Nad-róde³kiem,Dolina-Kobylañska,Jura-Krakowsko-Czêstochowska,skala,358"""
"Grupa Nad róde³kiem,""BliŸniêta"",""http://topo.portalgorski.pl/BliŸniêta,Grupa-nad-¿róde³kiem,Dolina-Kobylañska,Jura-Krakowsko-Czêstochowska,skala,244"""
"Grupa Nad róde³kiem,""Brzuchata Turniczka"",""http://topo.portalgorski.pl/Brzuchata-Turniczka,Grupa-Nad-róde³kiem,Dolina-Kobylañska,Jura-Krakowsko-Czêstochowska,skala,365"""
"Grupa Nad róde³kiem,""Chorobliwa Grañ"",""http://topo.portalgorski.pl/Chorobliwa-Grañ,Grupa-nad-¿róde³kiem,Dolina-Kobylañska,Jura-Krakowsko-Czêstochowska,skala,238"""
"Grupa Nad róde³kiem,""Cyrk"",""http://topo.portalgorski.pl/Cyrk,Grupa-Nad-róde³kiem,Dolina-Kobylañska,Jura-Krakowsko-Czêstochowska,skala,359"""
"Grupa Nad róde³kiem,""Dziurawa Turnia"",""http://topo.portalgorski.pl/Dziurawa-Turnia,Grupa-nad-¿róde³kiem,Dolina-Kobylañska,Jura-Krakowsko-Czêstochowska,skala,237"""
"Grupa Nad róde³kiem,""Jastrzêbia Turnia"",""http://topo.portalgorski.pl/Jastrzêbia-Turnia,Grupa-nad-¿róde³kiem,Dolina-Kobylañska,Jura-Krakowsko-Czêstochowska,skala,235"""
"Grupa Nad róde³kiem,""Lotniki"",""http://topo.portalgorski.pl/Lotniki,Grupa-nad-¿róde³kiem,Dolina-Kobylañska,Jura-Krakowsko-Czêstochowska,skala,234"""
"Grupa Nad róde³kiem,""Obelisk"",""http://topo.portalgorski.pl/Obelisk,Grupa-Nad-róde³kiem,Dolina-Kobylañska,Jura-Krakowsko-Czêstochowska,skala,245"""
"Grupa Nad róde³kiem,""Omsza³a Turnia"",""http://topo.portalgorski.pl/Omsza³a-Turnia,Grupa-Nad-róde³kiem,Dolina-Kobylañska,Jura-Krakowsko-Czêstochowska,skala,360"""
"Grupa Nad róde³kiem,""Pochy³a Grañ"",""http://topo.portalgorski.pl/Pochy³a-Grañ,Grupa-nad-¿róde³kiem,Dolina-Kobylañska,Jura-Krakowsko-Czêstochowska,skala,233"""
"Grupa Nad róde³kiem,""Podciêta Turnia"",""http://topo.portalgorski.pl/Podciêta-Turnia,Grupa-Nad-róde³kiem,Dolina-Kobylañska,Jura-Krakowsko-Czêstochowska,skala,361"""
"Grupa Nad róde³kiem,""Szeroka Turnia"",""http://topo.portalgorski.pl/Szeroka-Turnia,Grupa-nad-¿róde³kiem,Dolina-Kobylañska,Jura-Krakowsko-Czêstochowska,skala,236"""
"Grupa Nad róde³kiem,""Szeroki Mur"",""http://topo.portalgorski.pl/Szeroki-Mur,Grupa-nad-¿róde³kiem,Dolina-Kobylañska,Jura-Krakowsko-Czêstochowska,skala,241"""
"Grupa Nad róde³kiem,""Sêpia Baszta"",""http://topo.portalgorski.pl/Sêpia-Baszta,Grupa-nad-¿róde³kiem,Dolina-Kobylañska,Jura-Krakowsko-Czêstochowska,skala,240"""
"Grupa Nad róde³kiem,""S³oneczna Turnia"",""http://topo.portalgorski.pl/S³oneczna-Turnia,Grupa-nad-¿róde³kiem,Dolina-Kobylañska,Jura-Krakowsko-Czêstochowska,skala,232"""
"Grupa Okrêtu,""Okrêt"",""http://topo.portalgorski.pl/Okrêt,Grupa-Okrêtu,Dolina-Kobylañska,Jura-Krakowsko-Czêstochowska,skala,141"""
"Grupa Okrêtu,""¯abka"",""http://topo.portalgorski.pl/¯abka,Grupa-Okrêtu,Dolina-Kobylañska,Jura-Krakowsko-Czêstochowska,skala,143"""
"Grupa Przydro¿nych Ska³,""Ponad Gnój Turnia"",""http://topo.portalgorski.pl/Ponad-Gnój-Turnia,Grupa-Przydro¿nych-Ska³,Dolina-Kobylañska,Jura-Krakowsko-Czêstochowska,skala,105"""
"Grupa Przydro¿nych Ska³,""Przydro¿na Ska³a 1"",""http://topo.portalgorski.pl/Przydro¿na-Ska³a-1,Grupa-Przydro¿nych-Ska³,Dolina-Kobylañska,Jura-Krakowsko-Czêstochowska,skala,106"""
"Grupa Przydro¿nych Ska³,""Przydro¿na Ska³a 2"",""http://topo.portalgorski.pl/Przydro¿na-Ska³a-2,Grupa-Przydro¿nych-Ska³,Dolina-Kobylañska,Jura-Krakowsko-Czêstochowska,skala,107"""
"Grupa Przydro¿nych Ska³,""Przydro¿na Ska³a 3"",""http://topo.portalgorski.pl/Przydro¿na-Ska³a-3,Grupa-Przydro¿nych-Ska³,Dolina-Kobylañska,Jura-Krakowsko-Czêstochowska,skala,108"""
"Grupa P³etwy,""Krucha Turnia"",""http://topo.portalgorski.pl/Krucha-Turnia,Grupa-P³etwy,Dolina-Kobylañska,Jura-Krakowsko-Czêstochowska,skala,136"""
"Grupa P³etwy,""P³etwa"",""http://topo.portalgorski.pl/P³etwa,Grupa-P³etwy,Dolina-Kobylañska,Jura-Krakowsko-Czêstochowska,skala,144"""
"Grupa P³etwy,""Tarasowata Turnia"",""http://topo.portalgorski.pl/Tarasowata-Turnia,Grupa-P³etwy,Dolina-Kobylañska,Jura-Krakowsko-Czêstochowska,skala,138"""
"Grupa P³etwy,""Turnia Marcinkowskiego"",""http://topo.portalgorski.pl/Turnia-Marcinkowskiego,Grupa-P³etwy,Dolina-Kobylañska,Jura-Krakowsko-Czêstochowska,skala,137"""
"Grupa Wroniej Baszty,""Pieninki"",""http://topo.portalgorski.pl/Pieninki,Grupa-Wroniej-Baszty,Dolina-Kobylañska,Jura-Krakowsko-Czêstochowska,skala,367"""
"Grupa Wroniej Baszty,""Skalny Mur"",""http://topo.portalgorski.pl/Skalny-Mur,Grupa-Wroniej-Baszty,Dolina-Kobylañska,Jura-Krakowsko-Czêstochowska,skala,366"""
"Grupa Wroniej Baszty,""Wielka Wronia Baszta"",""http://topo.portalgorski.pl/Wielka-Wronia-Baszta,Grupa-Wroniej-Baszty,Dolina-Kobylañska,Jura-Krakowsko-Czêstochowska,skala,364"""
"Grupa Wroniej Baszty,""Zadnia Wronia Baszta"",""http://topo.portalgorski.pl/Zadnia-Wronia-Baszta,Grupa-Wroniej-Baszty,Dolina-Kobylañska,Jura-Krakowsko-Czêstochowska,skala,363"""
"Grupa Zjazdowej Turni,""Ma³a P³yta"",""http://topo.portalgorski.pl/Ma³a-P³yta,Grupa-Zjazdowej-Turni,Dolina-Kobylañska,Jura-Krakowsko-Czêstochowska,skala,228"""
"Grupa Zjazdowej Turni,""Szara P³yta"",""http://topo.portalgorski.pl/Szara-P³yta,Grupa-Zjazdowej-Turni,Dolina-Kobylañska,Jura-Krakowsko-Czêstochowska,skala,126"""
"Grupa Zjazdowej Turni,""Turnia D³ugosza"",""http://topo.portalgorski.pl/Turnia-D³ugosza,Grupa-Zjazdowej-Turni,Dolina-Kobylañska,Jura-Krakowsko-Czêstochowska,skala,150"""
"Grupa Zjazdowej Turni,""Turnia Marcinkiewicza"",""http://topo.portalgorski.pl/Turnia-Marcinkiewicza,Grupa-Zjazdowej-Turni,Dolina-Kobylañska,Jura-Krakowsko-Czêstochowska,skala,229"""
"Grupa Zjazdowej Turni,""Turnia z Krokiem"",""http://topo.portalgorski.pl/Turnia-z-Krokiem,Grupa-Zjazdowej-Turni,Dolina-Kobylañska,Jura-Krakowsko-Czêstochowska,skala,128"""
"Grupa Zjazdowej Turni,""Wysoka P³yta"",""http://topo.portalgorski.pl/Wysoka-P³yta,Grupa-Zjazdowej-Turni,Dolina-Kobylañska,Jura-Krakowsko-Czêstochowska,skala,127"""
"Grupa Zjazdowej Turni,""Zjazdowa Turnia"",""http://topo.portalgorski.pl/Zjazdowa-Turnia,Grupa-Zjazdowej-Turni,Dolina-Kobylañska,Jura-Krakowsko-Czêstochowska,skala,121"""
"Grupa ¯abiego Konia,""Dziób Kobylañski"",""http://topo.portalgorski.pl/Dziób-Kobylañski,Grupa-¯abiego-Konia,Dolina-Kobylañska,Jura-Krakowsko-Czêstochowska,skala,110"""
"Grupa ¯abiego Konia,""Mnich"",""http://topo.portalgorski.pl/Mnich,Grupa-¯abiego-Konia,Dolina-Kobylañska,Jura-Krakowsko-Czêstochowska,skala,109"""
"Grupa ¯abiego Konia,""¯abi Koñ"",""http://topo.portalgorski.pl/¯abi-Koñ,Grupa-¯abiego-Konia,Dolina-Kobylañska,Jura-Krakowsko-Czêstochowska,skala,111"""
"Dolinka Za Piekarni¹,""Dziurawa"",""http://topo.portalgorski.pl/Dziurawa,Dolinka-Za-Piekarni¹,Dolina-Pr¹dnika-Garliczki-i-Wedonki,Jura-Krakowsko-Czêstochowska,skala,713"""
"Dolinka Za Piekarni¹,""Jêzory"",""http://topo.portalgorski.pl/Jêzory,Dolinka-Za-Piekarni¹,Dolina-Pr¹dnika-Garliczki-i-Wedonki,Jura-Krakowsko-Czêstochowska,skala,710"""
"Dolinka Za Piekarni¹,""Kanapa"",""http://topo.portalgorski.pl/Kanapa,Dolinka-Za-Piekarni¹,Dolina-Pr¹dnika-Garliczki-i-Wedonki,Jura-Krakowsko-Czêstochowska,skala,711"""
"Dolinka Za Piekarni¹,""Ska³a Nad £¹k¹"",""http://topo.portalgorski.pl/Ska³a-Nad-£¹k¹,Dolinka-Za-Piekarni¹,Dolina-Pr¹dnika-Garliczki-i-Wedonki,Jura-Krakowsko-Czêstochowska,skala,712"""
"Dolinka Za Piekarni¹,""Trzon"",""http://topo.portalgorski.pl/Trzon,Dolinka-Za-Piekarni¹,Dolina-Pr¹dnika-Garliczki-i-Wedonki,Jura-Krakowsko-Czêstochowska,skala,714"""
"Grupa Rogo¿owej Ska³y,""Brama"",""http://topo.portalgorski.pl/Brama,Grupa-Rogo¿owej-Ska³y,Dolina-Rac³awki,Jura-Krakowsko-Czêstochowska,skala,910"""
"Grupa Rogo¿owej Ska³y,""Bulwa"",""http://topo.portalgorski.pl/Bulwa,Grupa-Rogo¿owej-Ska³y,Dolina-Rac³awki,Jura-Krakowsko-Czêstochowska,skala,908"""
"Grupa Rogo¿owej Ska³y,""Jednoro¿ec"",""http://topo.portalgorski.pl/Jednoro¿ec,Grupa-Rogo¿owej-Ska³y,Dolina-Rac³awki,Jura-Krakowsko-Czêstochowska,skala,909"""
"Grupa Rogo¿owej Ska³y,""Koœæ"",""http://topo.portalgorski.pl/Koœæ,Grupa-Rogo¿owej-Ska³y,Dolina-Rac³awki,Jura-Krakowsko-Czêstochowska,skala,906"""
"Grupa Rogo¿owej Ska³y,""£opatka"",""http://topo.portalgorski.pl/£opatka,Grupa-Rogo¿owej-Ska³y,Dolina-Rac³awki,Jura-Krakowsko-Czêstochowska,skala,907"""
"W¹wóz Pó³rzeczki,""Dêbowe Ska³ki"",""http://topo.portalgorski.pl/Dêbowe-Ska³ki,W¹wóz-Pó³rzeczki,Dolina-Sanki,Jura-Krakowsko-Czêstochowska,skala,217"""
"W¹wóz Pó³rzeczki,""Kanapa"",""http://topo.portalgorski.pl/Kanapa,W¹wóz-Pó³rzeczki,Dolina-Sanki,Jura-Krakowsko-Czêstochowska,skala,219"""
"W¹wóz Pó³rzeczki,""Ksiê¿ycowa Ska³a"",""http://topo.portalgorski.pl/Ksiê¿ycowa-Ska³a,W¹wóz-Pó³rzeczki,Dolina-Sanki,Jura-Krakowsko-Czêstochowska,skala,216"""
"W¹wóz Pó³rzeczki,""Mnik"",""http://topo.portalgorski.pl/Mnik,W¹wóz-Pó³rzeczki,Dolina-Sanki,Jura-Krakowsko-Czêstochowska,skala,218"""
"W¹wóz Pó³rzeczki,""Ska³a w £opiankach"",""http://topo.portalgorski.pl/Ska³a-w-£opiankach,W¹wóz-Pó³rzeczki,Dolina-Sanki,Jura-Krakowsko-Czêstochowska,skala,215"""
"W¹wóz Pó³rzeczki,""Zaciszny Filar"",""http://topo.portalgorski.pl/Zaciszny-Filar,W¹wóz-Pó³rzeczki,Dolina-Sanki,Jura-Krakowsko-Czêstochowska,skala,220"""
"Zimny Dó³,""Sêpia Czu³owska"",""http://topo.portalgorski.pl/Sêpia-Czu³owska,Zimny-Dó³,Dolina-Sanki,Jura-Krakowsko-Czêstochowska,skala,323"""
"Zimny Dó³,""Wacman"",""http://topo.portalgorski.pl/Wacman,Zimny-Dó³,Dolina-Sanki,Jura-Krakowsko-Czêstochowska,skala,325"""
"Zimny Dó³,""Wielka Zerwa"",""http://topo.portalgorski.pl/Wielka-Zerwa,Zimny-Dó³,Dolina-Sanki,Jura-Krakowsko-Czêstochowska,skala,326"""
"Zimny Dó³,""£ysina"",""http://topo.portalgorski.pl/£ysina,Zimny-Dó³,Dolina-Sanki,Jura-Krakowsko-Czêstochowska,skala,322"""
"S³oneczne Ska³y,""Dziewczynka"",""http://topo.portalgorski.pl/Dziewczynka,S³oneczne-Ska³y,Dolina-Szklarki,Jura-Krakowsko-Czêstochowska,skala,192"""
"S³oneczne Ska³y,""Eternit i Soczewka"",""http://topo.portalgorski.pl/Eternit-i-Soczewka,S³oneczne-Ska³y,Dolina-Szklarki,Jura-Krakowsko-Czêstochowska,skala,197"""
"S³oneczne Ska³y,""Filarek Bularza i P³ytka Benduskiego"",""http://topo.portalgorski.pl/Filarek-Bularza-i-P³ytka-Benduskiego,S³oneczne-Ska³y,Dolina-Szklarki,Jura-Krakowsko-Czêstochowska,skala,199"""
"S³oneczne Ska³y,""Ogrodzieniec"",""http://topo.portalgorski.pl/Ogrodzieniec,S³oneczne-Ska³y,Dolina-Szklarki,Jura-Krakowsko-Czêstochowska,skala,194"""
"S³oneczne Ska³y,""Ostatnia"",""http://topo.portalgorski.pl/Ostatnia,S³oneczne-Ska³y,Dolina-Szklarki,Jura-Krakowsko-Czêstochowska,skala,193"""
"S³oneczne Ska³y,""Piktogramy"",""http://topo.portalgorski.pl/Piktogramy,S³oneczne-Ska³y,Dolina-Szklarki,Jura-Krakowsko-Czêstochowska,skala,195"""
"S³oneczne Ska³y,""Po³aæ Skwira"",""http://topo.portalgorski.pl/Po³aæ-Skwira,S³oneczne-Ska³y,Dolina-Szklarki,Jura-Krakowsko-Czêstochowska,skala,196"""
"S³oneczne Ska³y,""Prze³az"",""http://topo.portalgorski.pl/Prze³az,S³oneczne-Ska³y,Dolina-Szklarki,Jura-Krakowsko-Czêstochowska,skala,203"""
"S³oneczne Ska³y,""Szeroki Komin"",""http://topo.portalgorski.pl/Szeroki-Komin,S³oneczne-Ska³y,Dolina-Szklarki,Jura-Krakowsko-Czêstochowska,skala,720"""
"S³oneczne Ska³y,""Wschodni Mur"",""http://topo.portalgorski.pl/Wschodni-Mur,S³oneczne-Ska³y,Dolina-Szklarki,Jura-Krakowsko-Czêstochowska,skala,719"""
"£yse Ska³y,""£ysa"",""http://topo.portalgorski.pl/£ysa,£yse-Ska³y,Dolina-Szklarki,Jura-Krakowsko-Czêstochowska,skala,648"""
"£yse Ska³y,""£yse Plecy"",""http://topo.portalgorski.pl/£yse-Plecy,£yse-Ska³y,Dolina-Szklarki,Jura-Krakowsko-Czêstochowska,skala,651"""
"£yse Ska³y,""£yse Zêby"",""http://topo.portalgorski.pl/£yse-Zêby,£yse-Ska³y,Dolina-Szklarki,Jura-Krakowsko-Czêstochowska,skala,650"""
"Przewodziszowice,""Ska³a Rajcy"",""http://topo.portalgorski.pl/Ska³a-Rajcy,Przewodziszowice,Dolina-Wiercicy,Jura-Krakowsko-Czêstochowska,skala,643"""
"Przewodziszowice,""Stra¿nica Przewodziszowicka"",""http://topo.portalgorski.pl/Stra¿nica-Przewodziszowicka,Przewodziszowice,Dolina-Wiercicy,Jura-Krakowsko-Czêstochowska,skala,641"""
"Sektor Bia³ego Psa,""Bia³y Pies"",""http://topo.portalgorski.pl/Bia³y-Pies,Sektor-Bia³ego-Psa,Dolina-Wiercicy,Jura-Krakowsko-Czêstochowska,skala,537"""
"Sektor Bia³ego Psa,""Czarny Kot"",""http://topo.portalgorski.pl/Czarny-Kot,Sektor-Bia³ego-Psa,Dolina-Wiercicy,Jura-Krakowsko-Czêstochowska,skala,538"""
"Sektor Bia³ego Psa,""Proxima Centauri"",""http://topo.portalgorski.pl/Proxima-Centauri,Sektor-Bia³ego-Psa,Dolina-Wiercicy,Jura-Krakowsko-Czêstochowska,skala,536"""
"Suliszowice,""Biedruniowa Ska³a"",""http://topo.portalgorski.pl/Biedruniowa-Ska³a,Suliszowice,Dolina-Wiercicy,Jura-Krakowsko-Czêstochowska,skala,632"""
"Suliszowice,""Dziurawa Ska³a"",""http://topo.portalgorski.pl/Dziurawa-Ska³a,Suliszowice,Dolina-Wiercicy,Jura-Krakowsko-Czêstochowska,skala,942"""
"Suliszowice,""Dêbia Ska³a"",""http://topo.portalgorski.pl/Dêbia-Ska³a,Suliszowice,Dolina-Wiercicy,Jura-Krakowsko-Czêstochowska,skala,943"""
"Suliszowice,""Kapuœniak i Brama Suliszowicka"",""http://topo.portalgorski.pl/Kapuœniak-i-Brama-Suliszowicka,Suliszowice,Dolina-Wiercicy,Jura-Krakowsko-Czêstochowska,skala,633"""
"Suliszowice,""Kazalnica Suliszowicka"",""http://topo.portalgorski.pl/Kazalnica-Suliszowicka,Suliszowice,Dolina-Wiercicy,Jura-Krakowsko-Czêstochowska,skala,640"""
"Suliszowice,""Sroga Ska³a"",""http://topo.portalgorski.pl/Sroga-Ska³a,Suliszowice,Dolina-Wiercicy,Jura-Krakowsko-Czêstochowska,skala,638"""
"Trzebniów,""Bia³y Murek "",""http://topo.portalgorski.pl/Bia³y-Murek,Trzebniów,Dolina-Wiercicy,Jura-Krakowsko-Czêstochowska,skala,848"""
"Trzebniów,""Bukowie"",""http://topo.portalgorski.pl/Bukowie,Trzebniów,Dolina-Wiercicy,Jura-Krakowsko-Czêstochowska,skala,694"""
"Trzebniów,""Kacza Ska³a"",""http://topo.portalgorski.pl/Kacza-Ska³a,Trzebniów,Dolina-Wiercicy,Jura-Krakowsko-Czêstochowska,skala,586"""
"Trzebniów,""Mechata"",""http://topo.portalgorski.pl/Mechata,Trzebniów,Dolina-Wiercicy,Jura-Krakowsko-Czêstochowska,skala,849"""
"Trzebniów,""Ska³y Na Wzgórzu"",""http://topo.portalgorski.pl/Ska³y-Na-Wzgórzu,Trzebniów,Dolina-Wiercicy,Jura-Krakowsko-Czêstochowska,skala,587"""
"Trzebniów,""Tadzikowe"",""http://topo.portalgorski.pl/Tadzikowe,Trzebniów,Dolina-Wiercicy,Jura-Krakowsko-Czêstochowska,skala,695"""
"Zastudnie,""Molenda"",""http://topo.portalgorski.pl/Molenda,Zastudnie,Dolina-Wiercicy,Jura-Krakowsko-Czêstochowska,skala,951"""
"Zastudnie,""Zastudnie"",""http://topo.portalgorski.pl/Zastudnie,Zastudnie,Dolina-Wiercicy,Jura-Krakowsko-Czêstochowska,skala,615"""
"Zastudnie,""Œlimak"",""http://topo.portalgorski.pl/Œlimak,Zastudnie,Dolina-Wiercicy,Jura-Krakowsko-Czêstochowska,skala,616"""
"Grupa Ska³y z Grot¹,""Klawiatura"",""http://topo.portalgorski.pl/Klawiatura,Grupa-Ska³y-z-Grot¹,Mirów,Jura-Krakowsko-Czêstochowska,skala,405"""
"Grupa Ska³y z Grot¹,""Ska³a z Grot¹"",""http://topo.portalgorski.pl/Ska³a-z-Grot¹,Grupa-Ska³y-z-Grot¹,Mirów,Jura-Krakowsko-Czêstochowska,skala,404"""
"Grupa Ska³y z Grot¹,""Skrzypce"",""http://topo.portalgorski.pl/Skrzypce,Grupa-Ska³y-z-Grot¹,Mirów,Jura-Krakowsko-Czêstochowska,skala,403"""
"Grupa Trzech Sióstr,""Trzecia, Czwarta Grzêda i Skoczek"",""http://topo.portalgorski.pl/Trzecia-Czwarta-Grzêda-i-Skoczek,Grupa-Trzech-Sióstr,Mirów,Jura-Krakowsko-Czêstochowska,skala,425"""
"Grupa Trzech Sióstr,""Trzy Siostry"",""http://topo.portalgorski.pl/Trzy-Siostry,Grupa-Trzech-Sióstr,Mirów,Jura-Krakowsko-Czêstochowska,skala,423"""
"Grupa Turni Kukuczki,""Mniszek, Szeroka Baszta i Krótka Grzêda"",""http://topo.portalgorski.pl/Mniszek-Szeroka-Baszta-i-Krótka-Grzêda,Grupa-Turni-Kukuczki,Mirów,Jura-Krakowsko-Czêstochowska,skala,406"""
"Grupa Turni Kukuczki,""Turnia Kukuczki, Szafa i Studnisko"",""http://topo.portalgorski.pl/Turnia-Kukuczki-Szafa-i-Studnisko,Grupa-Turni-Kukuczki,Mirów,Jura-Krakowsko-Czêstochowska,skala,407"""
"Ska³y przy Zamku,""Ska³y przy zamku"",""http://topo.portalgorski.pl/Ska³y-przy-zamku,Ska³y-przy-Zamku,Mirów,Jura-Krakowsko-Czêstochowska,skala,426"""
"Pierunkowy Dó³,""Kubincowa Baszta"",""http://topo.portalgorski.pl/Kubincowa-Baszta,Pierunkowy-Dó³,Nielepice,Jura-Krakowsko-Czêstochowska,skala,318"""
"Pierunkowy Dó³,""Kubincowa Ig³a"",""http://topo.portalgorski.pl/Kubincowa-Ig³a,Pierunkowy-Dó³,Nielepice,Jura-Krakowsko-Czêstochowska,skala,319"""
"Pierunkowy Dó³,""Kubincowa Ska³a"",""http://topo.portalgorski.pl/Kubincowa-Ska³a,Pierunkowy-Dó³,Nielepice,Jura-Krakowsko-Czêstochowska,skala,320"""
"Wzgórze Dymniok,""Dymniok Bia³y"",""http://topo.portalgorski.pl/Dymniok-Bia³y,Wzgórze-Dymniok,Nielepice,Jura-Krakowsko-Czêstochowska,skala,288"""
"Wzgórze Dymniok,""Dymniok Szary"",""http://topo.portalgorski.pl/Dymniok-Szary,Wzgórze-Dymniok,Nielepice,Jura-Krakowsko-Czêstochowska,skala,285"""
"Wzgórze Dymniok,""Groszówka"",""http://topo.portalgorski.pl/Groszówka,Wzgórze-Dymniok,Nielepice,Jura-Krakowsko-Czêstochowska,skala,289"""
"Wzgórze Dymniok,""Kapliczka"",""http://topo.portalgorski.pl/Kapliczka,Wzgórze-Dymniok,Nielepice,Jura-Krakowsko-Czêstochowska,skala,315"""
"Wzgórze Dymniok,""Poœredniok"",""http://topo.portalgorski.pl/Poœredniok,Wzgórze-Dymniok,Nielepice,Jura-Krakowsko-Czêstochowska,skala,284"""
"Wzgórze Dymniok,""Ska³a z Krzy¿em"",""http://topo.portalgorski.pl/Ska³a-z-Krzy¿em,Wzgórze-Dymniok,Nielepice,Jura-Krakowsko-Czêstochowska,skala,283"""
"Wzgórze Dymniok,""Z³otówka"",""http://topo.portalgorski.pl/Z³otówka,Wzgórze-Dymniok,Nielepice,Jura-Krakowsko-Czêstochowska,skala,290"""
"Januszkowa Góra,""Januszkowa Baszta"",""http://topo.portalgorski.pl/Januszkowa-Baszta,Januszkowa-Góra,Olkusz,Jura-Krakowsko-Czêstochowska,skala,624"""
"Januszkowa Góra,""Ska³a z Rynn¹"",""http://topo.portalgorski.pl/Ska³a-z-Rynn¹,Januszkowa-Góra,Olkusz,Jura-Krakowsko-Czêstochowska,skala,625"""
"Januszkowa Góra,""Turnia Drwali"",""http://topo.portalgorski.pl/Turnia-Drwali,Januszkowa-Góra,Olkusz,Jura-Krakowsko-Czêstochowska,skala,626"""
"Grupa Dziewicy,""Biblioteka"",""http://topo.portalgorski.pl/Biblioteka,Grupa-Dziewicy,Olsztyn-kCzêstochowy,Jura-Krakowsko-Czêstochowska,skala,559"""
"Grupa Dziewicy,""Dziewica"",""http://topo.portalgorski.pl/Dziewica,Grupa-Dziewicy,Olsztyn-kCzêstochowy,Jura-Krakowsko-Czêstochowska,skala,558"""
"Grupa Dziewicy,""Szafa"",""http://topo.portalgorski.pl/Szafa,Grupa-Dziewicy,Olsztyn-kCzêstochowy,Jura-Krakowsko-Czêstochowska,skala,560"""
"Góra Biak³o,""Biak³o"",""http://topo.portalgorski.pl/Biak³o,Góra-Biak³o,Olsztyn-kCzêstochowy,Jura-Krakowsko-Czêstochowska,skala,567"""
"Góra Biak³o,""Blin, Okrêt, Z Ja³owcem"",""http://topo.portalgorski.pl/Blin-Okrêt-Z-Ja³owcem,Góra-Biak³o,Olsztyn-kCzêstochowy,Jura-Krakowsko-Czêstochowska,skala,568"""
"Góra Biak³o,""Garb"",""http://topo.portalgorski.pl/Garb,Góra-Biak³o,Olsztyn-kCzêstochowy,Jura-Krakowsko-Czêstochowska,skala,566"""
"Góra Biak³o,""Mnich"",""http://topo.portalgorski.pl/Mnich,Góra-Biak³o,Olsztyn-kCzêstochowy,Jura-Krakowsko-Czêstochowska,skala,565"""
"Góra Lipówki,""Grzybki"",""http://topo.portalgorski.pl/Grzybki,Góra-Lipówki,Olsztyn-kCzêstochowy,Jura-Krakowsko-Czêstochowska,skala,563"""
"Góra Lipówki,""P³etwa, Urwista, Podciêta"",""http://topo.portalgorski.pl/P³etwa-Urwista-Podciêta,Góra-Lipówki,Olsztyn-kCzêstochowy,Jura-Krakowsko-Czêstochowska,skala,564"""
"Góry Towarne,""Góry Towarne Du¿e"",""http://topo.portalgorski.pl/Góry-Towarne-Du¿e,Góry-Towarne,Olsztyn-kCzêstochowy,Jura-Krakowsko-Czêstochowska,skala,603"""
"Góry Towarne,""Góry Towarne Ma³e"",""http://topo.portalgorski.pl/Góry-Towarne-Ma³e,Góry-Towarne,Olsztyn-kCzêstochowy,Jura-Krakowsko-Czêstochowska,skala,602"""
"Zamkowe Ska³y,""Przy Zamku"",""http://topo.portalgorski.pl/Przy-Zamku,Zamkowe-Ska³y,Olsztyn-kCzêstochowy,Jura-Krakowsko-Czêstochowska,skala,555"""
"Zamkowe Ska³y,""S³oneczne"",""http://topo.portalgorski.pl/S³oneczne,Zamkowe-Ska³y,Olsztyn-kCzêstochowy,Jura-Krakowsko-Czêstochowska,skala,556"""
"Góra Ko³oczek,""Brzuszki Buddy"",""http://topo.portalgorski.pl/Brzuszki-Buddy,Góra-Ko³oczek,Podlesice,Jura-Krakowsko-Czêstochowska,skala,440"""
"Góra Ko³oczek,""Córki, Mama i Tata"",""http://topo.portalgorski.pl/Córki-Mama-i-Tata,Góra-Ko³oczek,Podlesice,Jura-Krakowsko-Czêstochowska,skala,430"""
"Góra Ko³oczek,""Dziewica"",""http://topo.portalgorski.pl/Dziewica,Góra-Ko³oczek,Podlesice,Jura-Krakowsko-Czêstochowska,skala,429"""
"Góra Ko³oczek,""G³owa Cukru"",""http://topo.portalgorski.pl/G³owa-Cukru,Góra-Ko³oczek,Podlesice,Jura-Krakowsko-Czêstochowska,skala,431"""
"Góra Ko³oczek,""Kajak, Okrêt, ¯aglowiec"",""http://topo.portalgorski.pl/Kajak-Okrêt-¯aglowiec,Góra-Ko³oczek,Podlesice,Jura-Krakowsko-Czêstochowska,skala,434"""
"Góra Ko³oczek,""Kazerma"",""http://topo.portalgorski.pl/Kazerma,Góra-Ko³oczek,Podlesice,Jura-Krakowsko-Czêstochowska,skala,439"""
"Góra Ko³oczek,""Lalka i Grañ Anio³ów"",""http://topo.portalgorski.pl/Lalka-i-Grañ-Anio³ów,Góra-Ko³oczek,Podlesice,Jura-Krakowsko-Czêstochowska,skala,437"""
"Góra Ko³oczek,""Leœna Kulista"",""http://topo.portalgorski.pl/Leœna-Kulista,Góra-Ko³oczek,Podlesice,Jura-Krakowsko-Czêstochowska,skala,702"""
"Góra Ko³oczek,""Leœna Œciana"",""http://topo.portalgorski.pl/Leœna-Œciana,Góra-Ko³oczek,Podlesice,Jura-Krakowsko-Czêstochowska,skala,703"""
"Góra Ko³oczek,""Ptak"",""http://topo.portalgorski.pl/Ptak,Góra-Ko³oczek,Podlesice,Jura-Krakowsko-Czêstochowska,skala,450"""
"Góra Ko³oczek,""Wielki Dziad"",""http://topo.portalgorski.pl/Wielki-Dziad,Góra-Ko³oczek,Podlesice,Jura-Krakowsko-Czêstochowska,skala,451"""
"Góra Ko³oczek,""Z B³êkitnymi Lotami"",""http://topo.portalgorski.pl/Z-B³êkitnymi-Lotami,Góra-Ko³oczek,Podlesice,Jura-Krakowsko-Czêstochowska,skala,435"""
"Góra Ko³oczek,""Z Damskimi Ryskami"",""http://topo.portalgorski.pl/Z-Damskimi-Ryskami,Góra-Ko³oczek,Podlesice,Jura-Krakowsko-Czêstochowska,skala,452"""
"Góra Ko³oczek,""Ze Spadaj¹cymi Gwiazdami"",""http://topo.portalgorski.pl/Ze-Spadaj¹cymi-Gwiazdami,Góra-Ko³oczek,Podlesice,Jura-Krakowsko-Czêstochowska,skala,441"""
"Góra Zborów,""Bia³a Baszta"",""http://topo.portalgorski.pl/Bia³a-Baszta,Góra-Zborów,Podlesice,Jura-Krakowsko-Czêstochowska,skala,396"""
"Góra Zborów,""Blocheñska"",""http://topo.portalgorski.pl/Blocheñska,Góra-Zborów,Podlesice,Jura-Krakowsko-Czêstochowska,skala,414"""
"Góra Zborów,""Chomicza Ska³a"",""http://topo.portalgorski.pl/Chomicza-Ska³a,Góra-Zborów,Podlesice,Jura-Krakowsko-Czêstochowska,skala,416"""
"Góra Zborów,""Dolna Baszta"",""http://topo.portalgorski.pl/Dolna-Baszta,Góra-Zborów,Podlesice,Jura-Krakowsko-Czêstochowska,skala,395"""
"Góra Zborów,""Dwoista Turnia"",""http://topo.portalgorski.pl/Dwoista-Turnia,Góra-Zborów,Podlesice,Jura-Krakowsko-Czêstochowska,skala,385"""
"Góra Zborów,""Dziurawy Blok"",""http://topo.portalgorski.pl/Dziurawy-Blok,Góra-Zborów,Podlesice,Jura-Krakowsko-Czêstochowska,skala,417"""
"Góra Zborów,""D³uga Grañ"",""http://topo.portalgorski.pl/D³uga-Grañ,Góra-Zborów,Podlesice,Jura-Krakowsko-Czêstochowska,skala,394"""
"Góra Zborów,""Kruk"",""http://topo.portalgorski.pl/Kruk,Góra-Zborów,Podlesice,Jura-Krakowsko-Czêstochowska,skala,386"""
"Góra Zborów,""M³ynarze"",""http://topo.portalgorski.pl/M³ynarze,Góra-Zborów,Podlesice,Jura-Krakowsko-Czêstochowska,skala,392"""
"Góra Zborów,""Rygiel"",""http://topo.portalgorski.pl/Rygiel,Góra-Zborów,Podlesice,Jura-Krakowsko-Czêstochowska,skala,415"""
"Góra Zborów,""Sadek"",""http://topo.portalgorski.pl/Sadek,Góra-Zborów,Podlesice,Jura-Krakowsko-Czêstochowska,skala,387"""
"Góra Zborów,""Ska³a Z Sosn¹"",""http://topo.portalgorski.pl/Ska³a-Z-Sosn¹,Góra-Zborów,Podlesice,Jura-Krakowsko-Czêstochowska,skala,661"""
"Góra Zborów,""Ska³a z Blokiem"",""http://topo.portalgorski.pl/Ska³a-z-Blokiem,Góra-Zborów,Podlesice,Jura-Krakowsko-Czêstochowska,skala,427"""
"Góra Zborów,""Skrzat"",""http://topo.portalgorski.pl/Skrzat,Góra-Zborów,Podlesice,Jura-Krakowsko-Czêstochowska,skala,418"""
"Góra Zborów,""Sówka"",""http://topo.portalgorski.pl/Sówka,Góra-Zborów,Podlesice,Jura-Krakowsko-Czêstochowska,skala,419"""
"Góra Zborów,""Turnia Nad Kaskadami"",""http://topo.portalgorski.pl/Turnia-Nad-Kaskadami,Góra-Zborów,Podlesice,Jura-Krakowsko-Czêstochowska,skala,393"""
"Góra Zborów,""Wielb³¹d"",""http://topo.portalgorski.pl/Wielb³¹d,Góra-Zborów,Podlesice,Jura-Krakowsko-Czêstochowska,skala,422"""
"Jastrzêbnik,""Jastrzêbnik"",""http://topo.portalgorski.pl/Jastrzêbnik,Jastrzêbnik,Podlesice,Jura-Krakowsko-Czêstochowska,skala,483"""
"Jastrzêbnik,""Wie¿yca"",""http://topo.portalgorski.pl/Wie¿yca,Jastrzêbnik,Podlesice,Jura-Krakowsko-Czêstochowska,skala,484"""
"Jastrzêbnik,""Wysokie Okapy"",""http://topo.portalgorski.pl/Wysokie-Okapy,Jastrzêbnik,Podlesice,Jura-Krakowsko-Czêstochowska,skala,485"""
"Góra Birów,""Góra Birów czêœæ po³udniowa"",""http://topo.portalgorski.pl/Góra-Birów-czêœæ-po³udniowa,Góra-Birów,Podzamcze,Jura-Krakowsko-Czêstochowska,skala,497"""
"Góra Birów,""Góra Birów czêœæ pó³nocna"",""http://topo.portalgorski.pl/Góra-Birów-czêœæ-pó³nocna,Góra-Birów,Podzamcze,Jura-Krakowsko-Czêstochowska,skala,495"""
"Rejon Cim,""Bigos i Wrota"",""http://topo.portalgorski.pl/Bigos-i-Wrota,Rejon-Cim,Podzamcze,Jura-Krakowsko-Czêstochowska,skala,510"""
"Rejon Cim,""Kapa"",""http://topo.portalgorski.pl/Kapa,Rejon-Cim,Podzamcze,Jura-Krakowsko-Czêstochowska,skala,507"""
"Rejon Cim,""Obelisk"",""http://topo.portalgorski.pl/Obelisk,Rejon-Cim,Podzamcze,Jura-Krakowsko-Czêstochowska,skala,504"""
"Rejon Cim,""Pierdolnik"",""http://topo.portalgorski.pl/Pierdolnik,Rejon-Cim,Podzamcze,Jura-Krakowsko-Czêstochowska,skala,508"""
"Rejon Cim,""Ratusz"",""http://topo.portalgorski.pl/Ratusz,Rejon-Cim,Podzamcze,Jura-Krakowsko-Czêstochowska,skala,503"""
"Rejon Cim,""Ska³a 504"",""http://topo.portalgorski.pl/Ska³a-504,Rejon-Cim,Podzamcze,Jura-Krakowsko-Czêstochowska,skala,509"""
"Rejon Cim,""Wielb³¹d"",""http://topo.portalgorski.pl/Wielb³¹d,Rejon-Cim,Podzamcze,Jura-Krakowsko-Czêstochowska,skala,505"""
"Rejon Cim,""Wielka i Ma³a Cima"",""http://topo.portalgorski.pl/Wielka-i-Ma³a-Cima,Rejon-Cim,Podzamcze,Jura-Krakowsko-Czêstochowska,skala,506"""
"Rejon Go³êbnika,""Baszty Z Niebieskim Szlakiem"",""http://topo.portalgorski.pl/Baszty-Z-Niebieskim-Szlakiem,Rejon-Go³êbnika,Podzamcze,Jura-Krakowsko-Czêstochowska,skala,646"""
"Rejon Go³êbnika,""Go³êbnik"",""http://topo.portalgorski.pl/Go³êbnik,Rejon-Go³êbnika,Podzamcze,Jura-Krakowsko-Czêstochowska,skala,516"""
"Rejon Go³êbnika,""Okrêt"",""http://topo.portalgorski.pl/Okrêt,Rejon-Go³êbnika,Podzamcze,Jura-Krakowsko-Czêstochowska,skala,517"""
"Rejon Go³êbnika,""Zapad"",""http://topo.portalgorski.pl/Zapad,Rejon-Go³êbnika,Podzamcze,Jura-Krakowsko-Czêstochowska,skala,645"""
"Rejon Zamku Ogrodzieniec,""Adept"",""http://topo.portalgorski.pl/Adept,Rejon-Zamku-Ogrodzieniec,Podzamcze,Jura-Krakowsko-Czêstochowska,skala,293"""
"Rejon Zamku Ogrodzieniec,""Dziurawa"",""http://topo.portalgorski.pl/Dziurawa,Rejon-Adepta,Podzamcze,Jura-Krakowsko-Czêstochowska,skala,310"""
"Rejon Zamku Ogrodzieniec,""Furtki"",""http://topo.portalgorski.pl/Furtki,Rejon-Zamku-Ogrodzieniec,Podzamcze,Jura-Krakowsko-Czêstochowska,skala,663"""
"Rejon Zamku Ogrodzieniec,""Kaczor"",""http://topo.portalgorski.pl/Kaczor,Rejon-Zamku-Ogrodzieniec,Podzamcze,Jura-Krakowsko-Czêstochowska,skala,309"""
"Rejon Zamku Ogrodzieniec,""Lalka"",""http://topo.portalgorski.pl/Lalka,Rejon-Zamku-Ogrodzieniec,Podzamcze,Jura-Krakowsko-Czêstochowska,skala,317"""
"Rejon Zamku Ogrodzieniec,""NiedŸwiedŸ"",""http://topo.portalgorski.pl/NiedŸwiedŸ,Rejon-Zamku-Ogrodzieniec,Podzamcze,Jura-Krakowsko-Czêstochowska,skala,316"""
"Rejon Zamku Ogrodzieniec,""Okiennik"",""http://topo.portalgorski.pl/Okiennik,Rejon-Zamku-Ogrodzieniec,Podzamcze,Jura-Krakowsko-Czêstochowska,skala,665"""
"Rejon Zamku Ogrodzieniec,""Zakonnik"",""http://topo.portalgorski.pl/Zakonnik,Rejon-Adepta,Podzamcze,Jura-Krakowsko-Czêstochowska,skala,294"""
"Sektor Grani z Kapeluszem,""Grañ za Kapeluszem"",""http://topo.portalgorski.pl/Grañ-za-Kapeluszem,Sektor-Grani-z-Kapeluszem,Podzamcze,Jura-Krakowsko-Czêstochowska,skala,513"""
"Sektor Grani z Kapeluszem,""Kapelusz"",""http://topo.portalgorski.pl/Kapelusz,Sektor-Grani-z-Kapeluszem,Podzamcze,Jura-Krakowsko-Czêstochowska,skala,514"""
"Grochowiec Wielki,""Nosoro¿ec i Tapir"",""http://topo.portalgorski.pl/Nosoro¿ec-i-Tapir,Grochowiec-Wielki,Ryczów,Jura-Krakowsko-Czêstochowska,skala,492"""
"Grochowiec Wielki,""Pancernik"",""http://topo.portalgorski.pl/Pancernik,Grochowiec-Wielki,Ryczów,Jura-Krakowsko-Czêstochowska,skala,493"""
"Grochowiec Wielki,""S³oñ"",""http://topo.portalgorski.pl/S³oñ,Grochowiec-Wielki,Ryczów,Jura-Krakowsko-Czêstochowska,skala,491"""
"Straszykowe Ska³y,""Felin"",""http://topo.portalgorski.pl/Felin,Straszykowe-Ska³y,Ryczów,Jura-Krakowsko-Czêstochowska,skala,577"""
"Straszykowe Ska³y,""Fircyk"",""http://topo.portalgorski.pl/Fircyk,Straszykowe-Ska³y,Ryczów,Jura-Krakowsko-Czêstochowska,skala,578"""
"Straszykowe Ska³y,""Ska³a Pod S³upem"",""http://topo.portalgorski.pl/Ska³a-Pod-S³upem,Straszykowe-Ska³y,Ryczów,Jura-Krakowsko-Czêstochowska,skala,913"""
"Straszykowe Ska³y,""Skrzynia"",""http://topo.portalgorski.pl/Skrzynia,Straszykowe-Ska³y,Ryczów,Jura-Krakowsko-Czêstochowska,skala,579"""
"Straszykowe Ska³y,""Weselna"",""http://topo.portalgorski.pl/Weselna,Straszykowe-Ska³y,Ryczów,Jura-Krakowsko-Czêstochowska,skala,580"""
"Okiennik Wielki,""Okiennik Wielki"",""http://topo.portalgorski.pl/Okiennik-Wielki,Okiennik-Wielki,Skar¿yce,Jura-Krakowsko-Czêstochowska,skala,410"""
"Okiennik Wielki,""Turnia Brata Ziemowita i Plecy Widowni"",""http://topo.portalgorski.pl/Turnia-Brata-Ziemowita-i-Plecy-Widowni,Okiennik-Wielki,Skar¿yce,Jura-Krakowsko-Czêstochowska,skala,412"""
"Okiennik Wielki,""Wschodnia Grañ"",""http://topo.portalgorski.pl/Wschodnia-Grañ,Okiennik-Wielki,Skar¿yce,Jura-Krakowsko-Czêstochowska,skala,411"""
"Ska³y Zegarowe,""Dolne Ska³y"",""http://topo.portalgorski.pl/Dolne-Ska³y,Ska³y-Zegarowe,Smoleñ,Jura-Krakowsko-Czêstochowska,skala,527"""
"Ska³y Zegarowe,""Jaskinia Jasna "",""http://topo.portalgorski.pl/Jaskinia-Jasna,Ska³y-Zegarowe,Smoleñ,Jura-Krakowsko-Czêstochowska,skala,853"""
"Ska³y Zegarowe,""Kursowa"",""http://topo.portalgorski.pl/Kursowa,Ska³y-Zegarowe,Smoleñ,Jura-Krakowsko-Czêstochowska,skala,528"""
"Ska³y Zegarowe,""Ma³a Zegarowa"",""http://topo.portalgorski.pl/Ma³a-Zegarowa,Ska³y-Zegarowe,Smoleñ,Jura-Krakowsko-Czêstochowska,skala,530"""
"Ska³y Zegarowe,""Siekierezada"",""http://topo.portalgorski.pl/Siekierezada,Ska³y-Zegarowe,Smoleñ,Jura-Krakowsko-Czêstochowska,skala,532"""
"Ska³y Zegarowe,""Szara P³yta"",""http://topo.portalgorski.pl/Szara-P³yta,Ska³y-Zegarowe,Smoleñ,Jura-Krakowsko-Czêstochowska,skala,531"""
"Ska³y Zegarowe,""Zegarowe"",""http://topo.portalgorski.pl/Zegarowe,Ska³y-Zegarowe,Smoleñ,Jura-Krakowsko-Czêstochowska,skala,529"""
"Kamieniec,""Bloki Pod Krowi¹"",""http://topo.portalgorski.pl/Bloki-Pod-Krowi¹,Kamieniec,Ska³y-Czarnorzeckie,Podkarpacie,skala,479"""
"Kamieniec,""B¹bel"",""http://topo.portalgorski.pl/B¹bel,Kamieniec,Ska³y-Czarnorzeckie,Podkarpacie,skala,463"""
"Kamieniec,""Krowia Turnia"",""http://topo.portalgorski.pl/Krowia-Turnia,Kamieniec,Ska³y-Czarnorzeckie,Podkarpacie,skala,457"""
"Kamieniec,""Kursowe Ska³ki"",""http://topo.portalgorski.pl/Kursowe-Ska³ki,Kamieniec,Ska³y-Czarnorzeckie,Podkarpacie,skala,460"""
"Kamieniec,""Naro¿na Baszta"",""http://topo.portalgorski.pl/Naro¿na-Baszta,Kamieniec,Ska³y-Czarnorzeckie,Podkarpacie,skala,465"""
"Kamieniec,""Smoczy Grzbiet - Smocze Jajo"",""http://topo.portalgorski.pl/Smoczy-Grzbiet-Smocze-Jajo,Kamieniec,Ska³y-Czarnorzeckie,Podkarpacie,skala,459"""
"Kamieniec,""S³oneczna Turnia i Eigerek"",""http://topo.portalgorski.pl/S³oneczna-Turnia-i-Eigerek,Kamieniec,Ska³y-Czarnorzeckie,Podkarpacie,skala,461"""
"Sokoli Grzbiet,""Czarny Mnich"",""http://topo.portalgorski.pl/Czarny-Mnich,Sokoli-Grzbiet,Ska³y-Czarnorzeckie,Podkarpacie,skala,477"""
"Sokoli Grzbiet,""Demon"",""http://topo.portalgorski.pl/Demon,Sokoli-Grzbiet,Ska³y-Czarnorzeckie,Podkarpacie,skala,476"""
"Sokoli Grzbiet,""Dzwon"",""http://topo.portalgorski.pl/Dzwon,Sokoli-Grzbiet,Ska³y-Czarnorzeckie,Podkarpacie,skala,704"""
"Sokoli Grzbiet,""Jaskó³ka"",""http://topo.portalgorski.pl/Jaskó³ka,Sokoli-Grzbiet,Ska³y-Czarnorzeckie,Podkarpacie,skala,472"""
"Sokoli Grzbiet,""Obelisk"",""http://topo.portalgorski.pl/Obelisk,Sokoli-Grzbiet,Ska³y-Czarnorzeckie,Podkarpacie,skala,705"""
"Sokoli Grzbiet,""Owca"",""http://topo.portalgorski.pl/Owca,Sokoli-Grzbiet,Ska³y-Czarnorzeckie,Podkarpacie,skala,473"""
"Sokoli Grzbiet,""Sarni Murek"",""http://topo.portalgorski.pl/Sarni-Murek,Sokoli-Grzbiet,Ska³y-Czarnorzeckie,Podkarpacie,skala,478"""
"Sokoli Grzbiet,""Szaman"",""http://topo.portalgorski.pl/Szaman,Sokoli-Grzbiet,Ska³y-Czarnorzeckie,Podkarpacie,skala,474"""
"Sokoli Grzbiet,""Wysoka"",""http://topo.portalgorski.pl/Wysoka,Sokoli-Grzbiet,Ska³y-Czarnorzeckie,Podkarpacie,skala,706"""
"Strzelnica,""Aligator"",""http://topo.portalgorski.pl/Aligator,Strzelnica,Ska³y-Czarnorzeckie,Podkarpacie,skala,469"""
"Strzelnica,""Filar Centralny"",""http://topo.portalgorski.pl/Filar-Centralny,Strzelnica,Ska³y-Czarnorzeckie,Podkarpacie,skala,467"""
"Strzelnica,""Hokejka"",""http://topo.portalgorski.pl/Hokejka,Strzelnica,Ska³y-Czarnorzeckie,Podkarpacie,skala,453"""
"Strzelnica,""Piramidki"",""http://topo.portalgorski.pl/Piramidki,Strzelnica,Ska³y-Czarnorzeckie,Podkarpacie,skala,468"""
"Strzelnica,""Plemnik"",""http://topo.portalgorski.pl/Plemnik,Strzelnica,Ska³y-Czarnorzeckie,Podkarpacie,skala,470"""
"Strzelnica,""Wielb³¹d"",""http://topo.portalgorski.pl/Wielb³¹d,Strzelnica,Ska³y-Czarnorzeckie,Podkarpacie,skala,466"""
"Sto³owe Ska³y,""Iglica"",""http://topo.portalgorski.pl/Iglica,Sto³owe-Ska³y,L¹dek-Zdrój,Sudety,skala,919"""
"Sto³owe Ska³y,""Ma³a"",""http://topo.portalgorski.pl/Ma³a,Sto³owe-Ska³y,L¹dek-Zdrój,Sudety,skala,917"""
"Sto³owe Ska³y,""Ni¿na"",""http://topo.portalgorski.pl/Ni¿na,Sto³owe-Ska³y,L¹dek-Zdrój,Sudety,skala,916"""
"Sto³owe Ska³y,""Skalny Z¹b"",""http://topo.portalgorski.pl/Skalny-Z¹b,Sto³owe-Ska³y,L¹dek-Zdrój,Sudety,skala,920"""
"Sto³owe Ska³y,""Wy¿nia"",""http://topo.portalgorski.pl/Wy¿nia,Sto³owe-Ska³y,L¹dek-Zdrój,Sudety,skala,918"""
"Trojan,""Baszty"",""http://topo.portalgorski.pl/Baszty,Trojan,L¹dek-Zdrój,Sudety,skala,925"""
"Trojan,""Skalna Brama"",""http://topo.portalgorski.pl/Skalna-Brama,Trojan,L¹dek-Zdrój,Sudety,skala,926"""
"Trojan,""Skalny Mur"",""http://topo.portalgorski.pl/Skalny-Mur,Trojan,L¹dek-Zdrój,Sudety,skala,924"""
"Trojan,""Trojan"",""http://topo.portalgorski.pl/Trojan,Trojan,L¹dek-Zdrój,Sudety,skala,923"""
"Boles³awiec,""Pokutuj¹ce Ska³y"",""http://topo.portalgorski.pl/Pokutuj¹ce-Ska³y,Boles³awiec,Pogórze-Sudeckie,Sudety,skala,761"""
"Boles³awiec,""Wie¿yca"",""http://topo.portalgorski.pl/Wie¿yca,Boles³awiec,Pogórze-Sudeckie,Sudety,skala,760"""
"Pe³cznica,""Kie³ek"",""http://topo.portalgorski.pl/Kie³ek,Pe³cznica,Pogórze-Sudeckie,Sudety,skala,753"""
"Pe³cznica,""Pe³cznica"",""http://topo.portalgorski.pl/Pe³cznica,Pe³cznica,Pogórze-Sudeckie,Sudety,skala,752"""
"Zagórze Œl¹skie,""Bulder Zagórzañski"",""http://topo.portalgorski.pl/Bulder-Zagórzañski,Zagórze-Œl¹skie,Pogórze-Sudeckie,Sudety,skala,884"""
"Zagórze Œl¹skie,""Krucza Ska³a"",""http://topo.portalgorski.pl/Krucza-Ska³a,Zagórze-Œl¹skie,Pogórze-Sudeckie,Sudety,skala,885"""
"Zagórze Œl¹skie,""Ska³a Przy Rzece"",""http://topo.portalgorski.pl/Ska³a-Przy-Rzece,Zagórze-Œl¹skie,Pogórze-Sudeckie,Sudety,skala,883"""
"Z³otoryja,""Diablak"",""http://topo.portalgorski.pl/Diablak,Z³otoryja,Pogórze-Sudeckie,Sudety,skala,758"""
"Z³otoryja,""Jerzmanice-Zdrój"",""http://topo.portalgorski.pl/Jerzmanice-Zdrój,Z³otoryja,Pogórze-Sudeckie,Sudety,skala,755"""
"Z³otoryja,""Nowa Ziemia"",""http://topo.portalgorski.pl/Nowa-Ziemia,Z³otoryja,Pogórze-Sudeckie,Sudety,skala,756"""
"Z³otoryja,""Nowa Ziemia 2"",""http://topo.portalgorski.pl/Nowa-Ziemia-2,Z³otoryja,Pogórze-Sudeckie,Sudety,skala,757"""
"Grupa Decjusza i Rozpad³ej ,""Decjusz"",""http://topo.portalgorski.pl/Decjusz,Grupa-Decjusza-i-Rozpad³ej,Sokoliki,Sudety,skala,862"""
"Grupa Decjusza i Rozpad³ej ,""Gubernator"",""http://topo.portalgorski.pl/Gubernator,Grupa-Decjusza-i-Rozpad³ej,Rudawy-Janowickie,Sudety,skala,867"""
"Grupa Decjusza i Rozpad³ej ,""Rozpad³a"",""http://topo.portalgorski.pl/Rozpad³a,Grupa-Decjusza-i-Rozpad³ej,Rudawy-Janowickie,Sudety,skala,865"""
"Grupa Decjusza i Rozpad³ej ,""Skalna Grzêda"",""http://topo.portalgorski.pl/Skalna-Grzêda,Grupa-Decjusza-i-Rozpad³ej,Rudawy-Janowickie,Sudety,skala,866"""
"Grupa Decjusza i Rozpad³ej ,""Ska³y Z Liter¹"",""http://topo.portalgorski.pl/Ska³y-Z-Liter¹,Grupa-Decjusza-i-Rozpad³ej,Rudawy-Janowickie,Sudety,skala,864"""
"Grupa Decjusza i Rozpad³ej ,""Zakonnik"",""http://topo.portalgorski.pl/Zakonnik,Grupa-Decjusza-i-Rozpad³ej,Sokoliki,Sudety,skala,863"""
"Grupa Fajki,""Fajka"",""http://topo.portalgorski.pl/Fajka,Grupa-Fajki,Rudawy-Janowickie,Sudety,skala,832"""
"Grupa Fajki,""Kominowa Ska³a i W¹wóz"",""http://topo.portalgorski.pl/Kominowa-Ska³a-i-W¹wóz,Grupa-Fajki,Rudawy-Janowickie,Sudety,skala,843"""
"Grupa Fajki,""Lustro"",""http://topo.portalgorski.pl/Lustro,Grupa-Fajki,Rudawy-Janowickie,Sudety,skala,833"""
"Grupa Fajki,""Ogrodowa"",""http://topo.portalgorski.pl/Ogrodowa,Grupa-Fajki,Rudawy-Janowickie,Sudety,skala,834"""
"Grupa Fajki,""Rylec"",""http://topo.portalgorski.pl/Rylec,Grupa-Fajki,Rudawy-Janowickie,Sudety,skala,835"""
"Grupa Fajki,""Szuflandia i Z¹bek"",""http://topo.portalgorski.pl/Szuflandia-i-Z¹bek,Grupa-Fajki,Rudawy-Janowickie,Sudety,skala,836"""
"Grupa Skalnego Mostu i Pieca,""Malinowa"",""http://topo.portalgorski.pl/Malinowa,Grupa-Skalnego-Mostu-i-Pieca,Rudawy-Janowickie,Sudety,skala,826"""
"Grupa Skalnego Mostu i Pieca,""Piec"",""http://topo.portalgorski.pl/Piec,Grupa-Skalnego-Mostu-i-Pieca,Rudawy-Janowickie,Sudety,skala,827"""
"Grupa Skalnego Mostu i Pieca,""Przedmoœcie i Przyczó³ek"",""http://topo.portalgorski.pl/Przedmoœcie-i-Przyczó³ek,Grupa-Skalnego-Mostu-i-Pieca,Rudawy-Janowickie,Sudety,skala,830"""
"Grupa Skalnego Mostu i Pieca,""Skalny Most"",""http://topo.portalgorski.pl/Skalny-Most,Grupa-Skalnego-Mostu-i-Pieca,Rudawy-Janowickie,Sudety,skala,829"""
"Grupa Skalnego Mostu i Pieca,""Œcianki"",""http://topo.portalgorski.pl/Œcianki,Grupa-Skalnego-Mostu-i-Pieca,Rudawy-Janowickie,Sudety,skala,828"""
"Rejon Zamku Bolczów,""Bukowe Ska³y"",""http://topo.portalgorski.pl/Bukowe-Ska³y,Rejon-Zamku-Bolczów,Rudawy-Janowickie,Sudety,skala,818"""
"Rejon Zamku Bolczów,""G³aziska Janowickie"",""http://topo.portalgorski.pl/G³aziska-Janowickie,Rejon-Zamku-Bolczów,Rudawy-Janowickie,Sudety,skala,813"""
"Rejon Zamku Bolczów,""Krowiarki"",""http://topo.portalgorski.pl/Krowiarki,Rejon-Zamku-Bolczów,Rudawy-Janowickie,Sudety,skala,812"""
"Rejon Zamku Bolczów,""Ma³a Stra¿nica"",""http://topo.portalgorski.pl/Ma³a-Stra¿nica,Rejon-Zamku-Bolczów,Rudawy-Janowickie,Sudety,skala,817"""
"Rejon Zamku Bolczów,""Miedziane Bloki"",""http://topo.portalgorski.pl/Miedziane-Bloki,Rejon-Zamku-Bolczów,Rudawy-Janowickie,Sudety,skala,815"""
"Rejon Zamku Bolczów,""Pierwsza"",""http://topo.portalgorski.pl/Pierwsza,Rejon-Zamku-Bolczów,Rudawy-Janowickie,Sudety,skala,819"""
"Rejon Zamku Bolczów,""Romby, Pochy³a, Kanion"",""http://topo.portalgorski.pl/Romby-Pochy³a-Kanion,Rejon-Zamku-Bolczów,Rudawy-Janowickie,Sudety,skala,824"""
"Rejon Zamku Bolczów,""Sfinks"",""http://topo.portalgorski.pl/Sfinks,Rejon-Zamku-Bolczów,Rudawy-Janowickie,Sudety,skala,820"""
"Rejon Zamku Bolczów,""Skalne Bramy"",""http://topo.portalgorski.pl/Skalne-Bramy,Rejon-Zamku-Bolczów,Rudawy-Janowickie,Sudety,skala,814"""
"Rejon Zamku Bolczów,""Ska³a Przy Krzy¿ówce"",""http://topo.portalgorski.pl/Ska³a-Przy-Krzy¿ówce,Rejon-Zamku-Bolczów,Rudawy-Janowickie,Sudety,skala,816"""
"Rejon Zamku Bolczów,""Stra¿nica"",""http://topo.portalgorski.pl/Stra¿nica,Rejon-Zamku-Bolczów,Rudawy-Janowickie,Sudety,skala,822"""
"Rejon Zamku Bolczów,""Urwista"",""http://topo.portalgorski.pl/Urwista,Rejon-Zamku-Bolczów,Rudawy-Janowickie,Sudety,skala,821"""
"Rejon Zamku Bolczów,""Zamek Bolczów"",""http://topo.portalgorski.pl/Zamek-Bolczów,Rejon-Zamku-Bolczów,Rudawy-Janowickie,Sudety,skala,823"""
"Staroœciñskie Ska³y,""Bezimienna"",""http://topo.portalgorski.pl/Bezimienna,Staroœciñskie-Ska³y,Rudawy-Janowickie,Sudety,skala,888"""
"Staroœciñskie Ska³y,""Biblioteka"",""http://topo.portalgorski.pl/Biblioteka,Staroœciñskie-Ska³y,Rudawy-Janowickie,Sudety,skala,839"""
"Staroœciñskie Ska³y,""Borówka i Szyszka"",""http://topo.portalgorski.pl/Borówka-i-Szyszka,Staroœciñskie-Ska³y,Rudawy-Janowickie,Sudety,skala,889"""
"Staroœciñskie Ska³y,""Czartówka i Mnich Stru¿nicki"",""http://topo.portalgorski.pl/Czartówka-i-Mnich-Stru¿nicki,Staroœciñskie-Ska³y,Rudawy-Janowickie,Sudety,skala,842"""
"Staroœciñskie Ska³y,""Dziobata"",""http://topo.portalgorski.pl/Dziobata,Staroœciñskie-Ska³y,Rudawy-Janowickie,Sudety,skala,890"""
"Staroœciñskie Ska³y,""Dziób i Mrówcza Ska³a"",""http://topo.portalgorski.pl/Dziób-i-Mrówcza-Ska³a,Staroœciñskie-Ska³y,Rudawy-Janowickie,Sudety,skala,840"""
"Staroœciñskie Ska³y,""Jajo"",""http://topo.portalgorski.pl/Jajo,Staroœciñskie-Ska³y,Rudawy-Janowickie,Sudety,skala,892"""
"Staroœciñskie Ska³y,""Joker"",""http://topo.portalgorski.pl/Joker,Staroœciñskie-Ska³y,Rudawy-Janowickie,Sudety,skala,893"""
"Staroœciñskie Ska³y,""Jopek"",""http://topo.portalgorski.pl/Jopek,Staroœciñskie-Ska³y,Rudawy-Janowickie,Sudety,skala,894"""
"Staroœciñskie Ska³y,""Kamienny Kr¹g"",""http://topo.portalgorski.pl/Kamienny-Kr¹g,Staroœciñskie-Ska³y,Rudawy-Janowickie,Sudety,skala,891"""
"Staroœciñskie Ska³y,""Ma³a Biblioteka"",""http://topo.portalgorski.pl/Ma³a-Biblioteka,Staroœciñskie-Ska³y,Rudawy-Janowickie,Sudety,skala,895"""
"Staroœciñskie Ska³y,""Oblaj"",""http://topo.portalgorski.pl/Oblaj,Staroœciñskie-Ska³y,Rudawy-Janowickie,Sudety,skala,897"""
"Staroœciñskie Ska³y,""Ob³a"",""http://topo.portalgorski.pl/Ob³a,Staroœciñskie-Ska³y,Rudawy-Janowickie,Sudety,skala,896"""
"Staroœciñskie Ska³y,""Ska³a Przy Szlaku i Pochy³y Murek"",""http://topo.portalgorski.pl/Ska³a-Przy-Szlaku-i-Pochy³y-Murek,Staroœciñskie-Ska³y,Rudawy-Janowickie,Sudety,skala,898"""
"Staroœciñskie Ska³y,""Staroœciñska Ska³a i Skalne Miasto"",""http://topo.portalgorski.pl/Staroœciñska-Ska³a-i-Skalne-Miasto,Staroœciñskie-Ska³y,Rudawy-Janowickie,Sudety,skala,838"""
"Staroœciñskie Ska³y,""Stru¿nicka Baszta"",""http://topo.portalgorski.pl/Stru¿nicka-Baszta,Staroœciñskie-Ska³y,Rudawy-Janowickie,Sudety,skala,899"""
"Staroœciñskie Ska³y,""Stru¿nicki Mur"",""http://topo.portalgorski.pl/Stru¿nicki-Mur,Staroœciñskie-Ska³y,Rudawy-Janowickie,Sudety,skala,900"""
"Staroœciñskie Ska³y,""Szafa i Kie³"",""http://topo.portalgorski.pl/Szafa-i-Kie³,Staroœciñskie-Ska³y,Rudawy-Janowickie,Sudety,skala,901"""
"Staroœciñskie Ska³y,""Totem"",""http://topo.portalgorski.pl/Totem,Staroœciñskie-Ska³y,Rudawy-Janowickie,Sudety,skala,902"""
"Staroœciñskie Ska³y,""Wielb³¹d, Œlimak, ¯ó³w"",""http://topo.portalgorski.pl/Wielb³¹d-Œlimak-¯ó³w,Staroœciñskie-Ska³y,Rudawy-Janowickie,Sudety,skala,841"""
"Staroœciñskie Ska³y,""¯elazko"",""http://topo.portalgorski.pl/¯elazko,Staroœciñskie-Ska³y,Rudawy-Janowickie,Sudety,skala,903"""
"Krzy¿na Góra,""Brzuchata"",""http://topo.portalgorski.pl/Brzuchata,Krzy¿na-Góra,Sokoliki,Sudety,skala,776"""
"Krzy¿na Góra,""Bukowe Ska³y"",""http://topo.portalgorski.pl/Bukowe-Ska³y,Krzy¿na-Góra,Sokoliki,Sudety,skala,777"""
"Krzy¿na Góra,""Jastrzêbia Turnia"",""http://topo.portalgorski.pl/Jastrzêbia-Turnia,Krzy¿na-Góra,Sokoliki,Sudety,skala,783"""
"Krzy¿na Góra,""Krzy¿na Ska³a"",""http://topo.portalgorski.pl/Krzy¿na-Ska³a,Krzy¿na-Góra,Sokoliki,Sudety,skala,807"""
"Krzy¿na Góra,""Rogatka"",""http://topo.portalgorski.pl/Rogatka,Krzy¿na-Góra,Sokoliki,Sudety,skala,798"""
"Krzy¿na Góra,""Smocza Baszta"",""http://topo.portalgorski.pl/Smocza-Baszta,Krzy¿na-Góra,Sokoliki,Sudety,skala,805"""
"Krzy¿na Góra,""Sokolec"",""http://topo.portalgorski.pl/Sokolec,Krzy¿na-Góra,Sokoliki,Sudety,skala,799"""
"Krzy¿na Góra,""Swaro¿yc"",""http://topo.portalgorski.pl/Swaro¿yc,Krzy¿na-Góra,Sokoliki,Sudety,skala,801"""
"Krzy¿na Góra,""Szara Turnia"",""http://topo.portalgorski.pl/Szara-Turnia,Krzy¿na-Góra,Sokoliki,Sudety,skala,802"""
"Krzy¿na Góra,""Trzy Korony"",""http://topo.portalgorski.pl/Trzy-Korony,Krzy¿na-Góra,Sokoliki,Sudety,skala,806"""
"Krzy¿na Góra,""Zapomniana"",""http://topo.portalgorski.pl/Zapomniana,Krzy¿na-Góra,Sokoliki,Sudety,skala,808"""
"Rejon Sokolika,""Baba"",""http://topo.portalgorski.pl/Baba,Rejon-Sokolika,Sokoliki,Sudety,skala,774"""
"Rejon Sokolika,""Lama"",""http://topo.portalgorski.pl/Lama,Rejon-Sokolika,Sokoliki,Sudety,skala,868"""
"Rejon Sokolika,""P³etwa"",""http://topo.portalgorski.pl/P³etwa,Rejon-Sokolika,Sokoliki,Sudety,skala,796"""
"Rejon Sokolika,""Sokolik Du¿y"",""http://topo.portalgorski.pl/Sokolik-Du¿y,Rejon-Sokolika,Sokoliki,Sudety,skala,803"""
"Rejon Sokolika,""Sokolik Ma³y"",""http://topo.portalgorski.pl/Sokolik-Ma³y,Rejon-Sokolika,Sokoliki,Sudety,skala,804"""
"Rejon Sokolika,""Têpa i Ptak"",""http://topo.portalgorski.pl/Têpa-i-Ptak,Rejon-Sokolika,Sokoliki,Sudety,skala,797"""
"Rejon Sokolika,""Zipserowa Czuba"",""http://topo.portalgorski.pl/Zipserowa-Czuba,Rejon-Sokolika,Sokoliki,Sudety,skala,809"""
"Rejon Sukiennic,""Bu³a"",""http://topo.portalgorski.pl/Bu³a,Rejon-Sukiennic,Sokoliki,Sudety,skala,779"""
"Rejon Sukiennic,""Chatka"",""http://topo.portalgorski.pl/Chatka,Rejon-Sukiennic,Sokoliki,Sudety,skala,780"""
"Rejon Sukiennic,""Gilotyna"",""http://topo.portalgorski.pl/Gilotyna,Rejon-Sukiennic,Sokoliki,Sudety,skala,781"""
"Rejon Sukiennic,""Jastrzêbiec"",""http://topo.portalgorski.pl/Jastrzêbiec,Rejon-Sukiennic,Sokoliki,Sudety,skala,784"""
"Rejon Sukiennic,""Krzywa Turnia"",""http://topo.portalgorski.pl/Krzywa-Turnia,Rejon-Sukiennic,Sokoliki,Sudety,skala,785"""
"Rejon Sukiennic,""Lo¿a"",""http://topo.portalgorski.pl/Lo¿a,Rejon-Sukiennic,Sokoliki,Sudety,skala,794"""
"Rejon Sukiennic,""Micha³y"",""http://topo.portalgorski.pl/Micha³y,Rejon-Sukiennic,Sokoliki,Sudety,skala,791"""
"Rejon Sukiennic,""Okienna"",""http://topo.portalgorski.pl/Okienna,Rejon-Sukiennic,Sokoliki,Sudety,skala,795"""
"Rejon Sukiennic,""Ska³a nad Ogniskiem"",""http://topo.portalgorski.pl/Ska³a-nad-Ogniskiem,Rejon-Sukiennic,Sokoliki,Sudety,skala,792"""
"Rejon Sukiennic,""Solarium"",""http://topo.portalgorski.pl/Solarium,Rejon-Sukiennic,Sokoliki,Sudety,skala,800"""
"Rejon Sukiennic,""Stodo³a "",""http://topo.portalgorski.pl/Stodo³a,Rejon-Sukiennic,Sokoliki,Sudety,skala,793"""
"Rejon Sukiennic,""Sukiennice"",""http://topo.portalgorski.pl/Sukiennice,Rejon-Sukiennic,Sokoliki,Sudety,skala,788"""
"Orle Ska³y,""Kruk"",""http://topo.portalgorski.pl/Kruk,Orle-Ska³y,Szczytnik,Sudety,skala,935"""
"Orle Ska³y,""Okienna"",""http://topo.portalgorski.pl/Okienna,Orle-Ska³y,Szczytnik,Sudety,skala,938"""
"Orle Ska³y,""Orlik 2"",""http://topo.portalgorski.pl/Orlik-2,Orle-Ska³y,Szczytnik,Sudety,skala,937"""
"Orle Ska³y,""Turniczka"",""http://topo.portalgorski.pl/Turniczka,Orle-Ska³y,Szczytnik,Sudety,skala,939"""
"Orle Ska³y,""Widokowa"",""http://topo.portalgorski.pl/Widokowa,Orle-Ska³y,Szczytnik,Sudety,skala,886"""
"Orle Ska³y,""Wielb³¹d"",""http://topo.portalgorski.pl/Wielb³¹d,Orle-Ska³y,Szczytnik,Sudety,skala,936"""
